"ID","Year","StateID","Jan","Feb","Mar","Apr","May","June","July","Aug","Sept","Oct","Nov","Dec"
"1010021895",1895,101,18.8,15.6,27.6,43.5,57.1,67.2,65.7,66.7,61.6,42.9,37.6,28.2
"1010021896",1896,101,19.2,22.2,25.3,46.5,59.3,63.2,69.1,67,58,44.9,39.9,23.6
"1010021897",1897,101,20.3,23.6,32,44.2,54.4,60.5,70.1,64.7,58.6,49.4,35.9,26.8
"1010021898",1898,101,21.7,24.8,38,41.2,55.3,64.9,70.3,68.5,61.7,49.5,35.6,24.4
"1010021899",1899,101,20.2,18.1,29.3,44.8,55.9,65.9,68.5,67.2,57.8,50.4,36.2,27.5
"1010021900",1900,101,22.6,21.4,26,44.1,54.2,65.5,69.7,69.7,62.6,53.6,38.2,24.5
"1010021901",1901,101,21,16,30.8,43.8,54.8,65.4,71.7,68,60.1,48.2,31.3,24.6
"1010021902",1902,101,19.5,20.1,37.1,44.3,54.5,61.1,67.3,64.1,59.3,48.5,41.4,22.3
"1010021903",1903,101,21.1,24.5,40.4,44,57.2,59.6,67.1,62.1,59.8,49,32.9,20.2
"1010021904",1904,101,13.6,15,29.8,40.5,58.2,63.6,67.6,64.5,57.9,45.7,32.5,17.9
"1010021905",1905,101,16.7,15.2,31.4,43.1,55.4,63.1,69.1,65,59,48.3,34.2,27.4
"1010021906",1906,101,27.9,22,25.7,43.6,54.8,64.7,68.2,69.1,61.8,48.4,35.7,22.5
"1010021907",1907,101,20.4,15.2,33.3,39.1,50,61.2,68,64.4,60.1,44,35.3,28.3
"1010021908",1908,101,22,18.4,32.7,42.9,56.9,65.1,70.5,65.2,61.7,50.6,36.4,24.6
"1010021909",1909,101,23.2,26.4,29.6,42.6,54.2,64.6,66.3,65.3,58.5,45.9,40.2,22.9
"1010021910",1910,101,22.5,20.6,37.8,48,53.6,61.7,69.5,65.5,59.8,50,33.6,18.9
"1010021911",1911,101,23.5,21.4,28.4,41.2,61.2,63.7,71.2,67.1,58.9,47.4,33.8,31
"1010021912",1912,101,12.4,18.6,27.7,43.5,56.4,61.5,68.4,63.2,59.7,50.1,38,29.5
"1010021913",1913,101,30.2,20.2,35.9,45.8,53.6,63.2,68.6,66.3,58,51.9,39.5,29
"1010021914",1914,101,20.8,14.5,29.6,40.8,57.1,62.9,66.9,66.6,58.2,51.6,34.8,22.3
"1010021915",1915,101,23.1,26.7,28.3,48.1,52,62.1,67.2,64.9,62.1,49.8,37.5,25.2
"1010021916",1916,101,26,18.9,24.2,43.2,55.7,60.3,70.8,68.3,59.3,48.7,35.5,24.7
"1010021917",1917,101,20.8,17.8,31.2,42.3,48.1,62.8,69.3,68,56,44.3,32,15.3
"1010021918",1918,101,11.1,19.8,32.9,43.7,60,60.8,67.7,68.4,55.4,50.4,37.5,28.8
"1010021919",1919,101,25.2,25.4,34.8,42.8,55.3,67.2,69.4,64.5,59.6,50.8,36.2,19.8
"1010021920",1920,101,12.9,19.6,32.7,41,53,63.3,66.5,68,60.6,53.5,34.5,27.7
"1010021921",1921,101,23.8,25.1,40.6,49.8,56.1,65,73,64.7,63.4,48.5,35.3,24.1
"1010021922",1922,101,17.7,24.2,33.8,44.5,57.7,65.4,68.2,65.8,61,49.2,37.3,24.1
"1010021923",1923,101,19.3,16.2,27.9,42.2,53.1,65.4,66.4,64.5,60.4,47.8,36.8,33.4
"1010021924",1924,101,22.1,18.2,31.3,41.4,50.9,61.8,67.3,66.2,56.4,48.5,36.7,22.9
"1010021925",1925,101,16.9,29.2,35.5,45.2,51.2,66.7,66.8,66.1,60.5,41.5,35.2,25.1
"1010021926",1926,101,21.3,20.5,25.9,38.4,52.9,60,67.6,66.8,58.7,46.9,35.9,20.6
"1010021927",1927,101,21.1,26.2,35.2,42.6,52.6,59.9,68,62.4,60,51.3,40.7,27.4
"1010021928",1928,101,23.1,22.6,30.2,40.7,53.5,61.3,69.1,69.2,56.2,49.7,37.4,29.4
"1010021929",1929,101,20.6,21.7,36.2,44.5,54.4,63.9,67.8,63.9,61.1,46.5,36.4,24.8
"1010021930",1930,101,22.3,26.1,31.7,42.2,56.7,66.9,68.5,66,62.7,47.5,38.1,25.4
"1010021931",1931,101,21.7,24.2,32.9,44.6,55.9,64.2,71.5,67.1,63.3,51.5,43.4,30.4
"1010021932",1932,101,32.5,25.6,28.1,41.7,55.6,63.9,67.2,68,60.5,50.4,34.5,28.9
"1010021933",1933,101,30.4,25.8,30.1,44.6,57.4,66.3,68.9,66.8,61.3,47.3,31.4,22.2
"1010021934",1934,101,23,10.4,29.2,44.1,57.3,66.7,70.5,64.2,62.6,46.2,39.8,23
"1010021935",1935,101,18,21.1,34.1,42.3,51.5,63.6,71.2,67.6,57.2,48.5,39.5,20.8
"1010021936",1936,101,18.7,15.6,37.4,41.3,57.6,64.5,68.4,67.6,60.6,48.7,32.7,28.2
"1010021937",1937,101,29.6,26.3,27.6,42.8,56.8,65,69.8,70.9,58.4,46.8,36.7,24
"1010021938",1938,101,20.9,26,35,46.2,54,64.7,69.6,69.9,57.1,50.4,38.6,27
"1010021939",1939,101,21.9,24.9,29.3,40.7,56.8,64.8,68.7,70,60.3,48.5,33.7,26.9
"1010021940",1940,101,13.8,22.3,27,39.9,55.3,63.3,68.7,65.3,57.8,44.9,36.2,27.6
"1010021941",1941,101,19.5,22,26.7,48.9,56.5,65.2,69.9,64.8,61.2,50.4,39.4,29
"1010021942",1942,101,20.6,20.1,35.7,47.1,58.9,65.3,68.7,66.3,60.2,50.1,37,21.5
"1010021943",1943,101,19.1,23.9,30.5,38.3,55.5,68,69.5,66.8,58.3,47.8,35.2,21.8
"1010021944",1944,101,24.1,22.4,28.8,40.5,60.8,65.1,69.8,69.5,60.8,47.4,37.5,22
"1010021945",1945,101,15,23.6,41.6,48.7,52.2,63.5,68.6,66.7,62.4,47.2,37.8,20.9
"1010021946",1946,101,22.2,21.4,41.6,42.9,54.5,63.2,67.8,63.8,61.4,52.3,40.3,27.5
"1010021947",1947,101,25.4,20.5,29.7,42.8,54.1,62.7,69.2,70.6,60.8,55,34.7,23.3
"1010021948",1948,101,15.4,19.7,32.7,45.4,53.8,62.9,69.3,67.9,60.6,47.2,42.8,28.5
"1010021949",1949,101,28.1,28,33.5,45.2,56.1,68,72.3,68.9,57.4,53.1,35.4,28.9
"1010021950",1950,101,30.1,21.6,27.3,40.8,55.3,63.7,67.4,66,56.5,50.6,39,25.1
"1010021951",1951,101,25.1,26,33.4,45,56,63.5,68.8,66,59.4,50.6,33,26.6
"1010021952",1952,101,25,26.4,32,46.5,52.9,66.1,72.2,67.4,60.4,45.4,38.7,28.8
"1010021953",1953,101,27.6,28,34.8,44.3,57.5,65.3,69.3,66.6,60.3,50.4,40.2,31.6
"1010021954",1954,101,19.6,30,32.2,46.3,53,64.9,67.4,65,59.1,52.1,37.4,26
"1010021955",1955,101,20.2,24.2,32.3,47.3,58.2,63.3,73,70.6,58.9,50.3,35.4,20.2
"1010021956",1956,101,23.4,25.6,27.9,41.2,51.5,64.4,66.2,65.7,56.2,49.8,38.1,30.2
"1010021957",1957,101,16.2,27.3,33.6,46.2,55.4,67,67.9,64.4,60.6,47.7,39.5,31
"1010021958",1958,101,22.8,17.9,33.3,45.8,52.8,59.6,68.9,66.2,59.2,47.5,38.6,17.4
"1010021959",1959,101,20.2,20.6,30.6,45.5,58.6,64,70.4,70,62.9,50,36.5,28.6
"1010021960",1960,101,23.2,26.9,24.2,46.8,56.8,64,66.7,67.4,60.7,47.6,39.7,20.5
"1010021961",1961,101,15.4,24.6,32.6,41.1,52.6,63.8,68.5,67.4,65.9,51.4,38.8,26.3
"1010021962",1962,101,20.5,19.8,32.7,44.1,56.9,64.7,65.5,66.1,56.5,48.6,34.5,22.3
"1010021963",1963,101,19.4,16.2,33.1,43.8,53.8,64.7,69.3,64,55.7,53.2,41.4,18.6
"1010021964",1964,101,23.8,21.6,33.6,43.2,57.8,63.6,69.8,63.2,58.4,46.5,39,26.7
"1010021965",1965,101,18.7,22.1,30.2,41.2,58.1,63.1,66.2,66.4,60.7,46.6,36,28.9
"1010021966",1966,101,20.3,23.2,34.1,41.4,51.9,64.7,69.5,67.3,57,47.1,40,26.7
"1010021967",1967,101,26.8,18.2,29.1,43.2,48.4,66.5,68.6,66.4,58.2,48.7,33.6,27.8
"1010021968",1968,101,16.2,18.4,34.8,47.4,52.4,62.9,69.6,66.6,61.5,51,36.4,23.4
"1010021969",1969,101,21.4,23.7,30.1,45.2,54.8,64.6,67.9,68,59.8,47.9,37.6,23.8
"1010021970",1970,101,13.6,22.5,29.8,44.2,57,63.8,69.5,68.1,61.2,51.4,39.6,23.3
"1010021971",1971,101,16.1,23.9,29.9,41.3,53.6,65.2,67.8,66.3,62.9,54.3,35.8,29
"1010021972",1972,101,23.3,20.1,29.3,40.1,56.1,61.9,68.9,65.8,60.2,44.4,34.5,27.6
"1010021973",1973,101,24.7,21.8,39.2,45.4,52.7,66.6,70,70.1,59.8,50.4,38.4,29.4
"1010021974",1974,101,24.5,21.7,32.5,45.7,52.6,63,68.2,67.4,57.9,44.4,38.2,28.9
"1010021975",1975,101,25.4,24.7,30.4,39,59.3,64.6,70.2,67.9,56.9,51,42.6,25.1
"1010021976",1976,101,16.5,28.8,35.2,46.6,53.6,67.2,66.6,65.8,57.7,44.6,32.6,19.6
"1010021977",1977,101,12.4,23.2,38.4,45.6,58,61.9,69.2,66.9,59.9,47.3,40.2,24.4
"1010021978",1978,101,18.5,15.6,28.8,42,55.9,63.6,67.8,68.3,57.8,46.8,37.6,26.8
"1010021979",1979,101,21.3,13.9,37,43.8,56.5,63.2,69.2,66.3,59.1,48.2,41.9,29.7
"1010021980",1980,101,23,20,31,45.4,56.5,61.6,69.5,69.7,60.5,45.8,34.6,21
"1010021981",1981,101,14.4,30.2,33,47,56.1,64.9,69.2,66.2,58.3,45.5,37.7,26.6
"1010021982",1982,101,13.7,22.9,31.5,41.6,57.6,61.4,68.9,63.9,59.7,49.1,41,32.9
"1010021983",1983,101,23.8,26.2,35.7,43.7,53.1,65.1,70.1,68.9,61.6,49,38.9,23.6
"1010021984",1984,101,18,31.2,26.6,44.4,53.2,65.2,68,69.1,57.2,52.2,37.4,32.2
"1010021985",1985,101,17.3,24.8,34.5,46.4,56.6,61.1,68.3,66.3,61,49.9,40.2,22.8
"1010021986",1986,101,22.8,22.3,34.7,47.3,57.9,62.8,68.3,65.2,58.4,48.8,35.2,28.4
"1010021987",1987,101,21.2,21.8,35.5,47.2,56.6,65.8,70.6,66,59.6,45.9,38.3,29.8
"1010021988",1988,101,19.6,23.7,33.2,44,56.8,63.2,71.7,70,58.1,44.6,39.6,25.2
"1010021989",1989,101,26.4,23,31.8,41.9,56,65.3,68.8,66.6,60.1,49.7,36.4,12.9
"1010021990",1990,101,30.6,28,35.7,45.8,53.1,64.6,69.1,68,59,51.8,40.4,31.8
"1010021991",1991,101,22.2,28.7,36,47.6,60.6,66,69.6,69.1,58.4,50.5,38.3,28.1
"1010021992",1992,101,23.5,25.7,30,42.9,54.6,62.4,66.2,65,59.4,45.4,37.2,28
"1010021993",1993,101,25.4,17.5,29.8,45,56.4,63.8,70.3,68.8,59,46.3,37.6,26.5
"1010021994",1994,101,13.1,19.4,31.6,46.3,52.9,67,71.4,65.5,58.7,48.6,42.1,31.3
"1010021995",1995,101,27.6,20.6,36.2,41.8,54.4,66.1,71.3,69.4,57.8,52.6,34.2,22.5
"1010021996",1996,101,20.6,23.6,29.7,43.9,53.5,65.7,67.3,67.6,60.5,48.4,33.9,32.6
"1010021997",1997,101,21.7,28.6,32.1,42.1,51.1,64.6,68.3,65.9,58.9,48,35.7,28.5
"1010021998",1998,101,28.7,31.6,36.2,46.8,60.4,64,68.8,68.7,62.1,49.9,39.1,33.3
"1010021999",1999,101,23,28.2,33,45.5,57.9,67,72.1,67.2,62.9,47.3,42.8,30.2
"1010022000",2000,101,21.4,27.2,39.1,44.2,56.6,64.5,65.8,66.2,58.9,49.5,37.7,21.3
"1010022001",2001,101,22.6,26,30.2,45.2,57.4,65.9,66.7,70.5,60.1,50.6,43.2,34.2
"1010022002",2002,101,29.6,29.7,34.6,47,53,64.6,70.5,70.2,63.4,47.2,36.7,26
"1010022003",2003,101,16.6,20,32.9,42.9,54,63.5,69,69.8,61.2,47.4,41.6,28.4
"1010022004",2004,101,15,24,35.9,45.4,59.3,62.7,68.1,67.1,61.9,49,39.7,27.2
"1010022005",2005,101,20.9,26.2,29.7,46.8,51.6,68.2,71.2,70.4,63.7,50.8,40.8,25.3
"1010022006",2006,101,31,26.2,34,47.3,56.2,65.4,71.7,67.6,59,48,43.1,34.7
"1010022007",2007,101,26.7,18,32.7,42.3,57.1,65.8,67.9,68.4,62.4,55.4,37,26.9
"1010022008",2008,101,26.3,25.4,31.6,48.2,53,66.8,70.3,65.9,61.4,47.6,37.8,27.9
"1010022009",2009,101,16.7,26.2,34,46.8,56,63,66.2,69.1,59.2,46.7,42.9,26.7
"1010022010",2010,101,23.9,25.9,39.6,50,59,66.5,72.4,69.1,62.3,49.6,39,24.9
"1010022011",2011,101,20.3,24.1,33,46.2,58.3,65.6,72.2,68.4,63.2,50.4,43.4,32.7
"1010022012",2012,101,26.8,30.6,43.4,46,60.5,64.8,72.1,69.6,60.5,51.6,36.5,32.4
"1010022013",2013,101,25,25.3,32.7,45.1,57.2,65.3,72,66.6,59.6,51.5,36,26.6
"1010022014",2014,101,18.6,21,26,44.6,56.9,65.6,68.9,66.2,60.9,51.9,36,31.6
"1010022015",2015,101,18.7,12.1,27.8,44.6,61.2,63.8,69,68.8,65.4,48.4,43.1,39.4
"1010022016",2016,101,24.7,28.1,38.8,43.4,56.2,65.1,71.2,71.4,63.8,51.4,41,28.3
"1010022017",2017,101,28.9,31.4,30.3,49.7,54.9,65,69.3,66.4,63.3,55.4,37.4,24.2
"1010022018",2018,101,21,30.8,31.9,40.6,60.4,64.2,71.5,71.3,64.2,49,34.5,29.3
"1010022019",2019,101,21.9,25.6,31.3,46.4,55.8,64.1,72,68.1,61.6,51.4,34.4,29
"1010022020",2020,101,28.8,28.8,38.3,42.5,54.8,66,73.4,69.7,60.7,50.1,42.6,30.9
"1010022021",2021,101,26.3,24,36.6,47.1,55.8,67.7,68.8,71.3,62.8,55.4,38.1,33.5
"1010022022",2022,101,18.6,26.3,35.8,45.1,58.9,64.7,71.1,70.9,61.3,50,41.7,30.2
"1010022023",2023,101,32.2,29.6,35.1,48.7,54.8,63.5,72,67.2,63,53.9,37.1,35.4
"1010022024",2024,101,27.4,31.3,38.8,47,60,67.6,72.5,68.4,62.7,-99.9,-99.9,-99.9
"1020021895",1895,102,6.9,9.7,26,47.8,56.8,65.8,67.3,67.2,61.8,41.1,28.8,19.9
"1020021896",1896,102,15.4,19,22.8,46.4,61.2,66.1,68.7,67.1,54.5,42.4,23.7,22.2
"1020021897",1897,102,11.2,18,24,42.6,53.6,62.5,71.7,64.1,64.3,50.1,28,13.9
"1020021898",1898,102,18.3,17.8,31.5,42.4,55,65.8,69.6,66.5,60.7,43.8,28.3,13.8
"1020021899",1899,102,11.4,6.2,17.3,44.3,55.2,65.6,69.1,68.7,56.2,49.8,38.4,18.5
"1020021900",1900,102,19.4,8.7,23.2,47.7,58.1,65.2,68.1,72.8,59.9,54.8,27.9,20.7
"1020021901",1901,102,14.8,10.6,27,45.4,56.4,66.3,74.6,68.4,58,48.6,29.5,15.3
"1020021902",1902,102,16.2,14.8,34,42.6,57.5,60.8,69.5,64.4,55.4,47,35.8,15.8
"1020021903",1903,102,14.2,14,32.8,43.7,56.8,61.3,67.9,63.2,56.6,47.6,28.3,12
"1020021904",1904,102,6.8,5,26.3,38.5,54.9,63.2,66.2,63.9,57.6,46.7,35.7,16.9
"1020021905",1905,102,6.6,9.2,32.4,41.8,52.8,63.6,67.1,68.3,61.1,44.6,32.6,21.7
"1020021906",1906,102,19.6,15.5,21.1,46.8,54.3,63.9,67.6,68.9,63.1,45.8,31.4,18.8
"1020021907",1907,102,9.8,16.2,31.3,35,46.8,63.2,68.2,65.4,57.2,44.6,31.7,22.4
"1020021908",1908,102,17.9,17.9,28.9,44.5,54.9,63.5,69.4,65.6,63.8,47.6,34.1,19.5
"1020021909",1909,102,14.6,17.9,26.7,37.2,52.9,65,68.4,70.2,58,44.4,36.3,12.8
"1020021910",1910,102,13.5,11.4,41.3,47.5,51,66.3,70.6,66.5,58,50.2,27.4,16.2
"1020021911",1911,102,11.8,20.1,32.1,42.1,60,69.4,69.6,65.4,58.3,44.2,24.3,23
"1020021912",1912,102,-2.8,11.5,20.2,44.6,56.2,62.3,69,64,58.5,47.9,34.3,22.8
"1020021913",1913,102,13.6,11.7,23.9,45.4,53.5,67,68.8,69.3,58.8,44.8,37.6,27.4
"1020021914",1914,102,20.1,7.5,27.5,41.8,57.6,65,71.6,66.8,59.3,52,33.6,12.1
"1020021915",1915,102,11.4,23.4,26,51.5,51.1,59.8,65.1,62.4,59,48.4,33.8,19.7
"1020021916",1916,102,11.6,11.4,24.4,41.8,54,60,75.3,68.9,57.1,45.2,31.7,12.4
"1020021917",1917,102,8.4,6.2,27,39.7,50.5,60.5,69.9,64.4,57.1,37.5,35,9.3
"1020021918",1918,102,2.6,14.9,35.1,40.9,57.8,64.3,67.9,69.2,52.7,48.8,35.3,25.5
"1020021919",1919,102,20.6,17.9,29.4,43.2,54.4,68.8,71.7,66.4,61.1,44.2,27.1,9.7
"1020021920",1920,102,6.8,15,29.7,36.6,54.5,65.5,67.1,65.8,61.8,53.3,30.7,21.9
"1020021921",1921,102,20.5,22.8,33.1,47.7,57.9,70,74.8,67.3,62.1,48.5,27,20.3
"1020021922",1922,102,12.3,14,30.3,43.4,60.1,66.5,67.3,68.7,61.9,49.5,36.8,16.6
"1020021923",1923,102,16.4,10.3,20.8,40.9,54.8,67.9,71.5,64.7,59.6,45.1,35.6,27.9
"1020021924",1924,102,6.7,19,27.1,42.4,48.4,61.6,66.1,65.4,54.6,52.4,32,9.6
"1020021925",1925,102,12.2,20,31.7,49,52.1,65.3,68.2,68.3,62,36.5,30.4,15.8
"1020021926",1926,102,15.4,21.1,23.5,39.7,57.7,60.7,69.3,67.2,56.3,44.6,26.6,14.6
"1020021927",1927,102,12.6,21.8,33.4,43.2,52.2,61.8,67.2,62.8,61.5,49.5,30.4,11.6
"1020021928",1928,102,16.4,19.5,29.1,37.9,56.9,60.1,69.2,67.4,55.2,48.1,34.1,23.6
"1020021929",1929,102,3,8.6,32.5,44.6,51.9,62.5,69.8,66.5,57.5,46.5,27.6,17.4
"1020021930",1930,102,6.1,25.1,29.2,45.1,55.8,65.4,71.4,69.6,60,45.4,34.9,20.9
"1020021931",1931,102,21.8,27.9,29,45.4,53.6,69,72.7,67.5,65.1,51.6,38.6,27.6
"1020021932",1932,102,19.5,20.1,21.5,42.6,56.5,67.7,70.6,68.5,57.8,44.6,28,16.6
"1020021933",1933,102,22.5,13.7,28.2,42.3,56.3,72.3,72.1,66.5,63.6,44.2,28.8,16.5
"1020021934",1934,102,19.9,14.2,25.6,42.4,62.6,69.3,72.1,66.1,56.8,50,36.4,15.3
"1020021935",1935,102,11,21.7,31.8,41,50.8,61.1,74.5,68.4,58.3,46.1,27.8,16.8
"1020021936",1936,102,5.4,0.4,29.9,37.8,60.2,63.7,75.9,70.8,62,44,28.4,21.6
"1020021937",1937,102,7.8,14.6,25,41.3,56.7,64.2,71.5,72.7,59.6,44,29.7,15.9
"1020021938",1938,102,12.7,20.7,35.8,44.3,54.4,64.5,70.4,70.8,59.8,52.5,31.7,20
"1020021939",1939,102,19.1,11.7,27.4,40.7,59.9,66.1,71.2,67.8,61.8,46.5,34.5,27.1
"1020021940",1940,102,7.1,19,23.3,40.5,53.2,64.8,71.1,66.3,61,50.5,28.4,21.6
"1020021941",1941,102,16.5,15.9,25.6,48.8,60.2,66.1,71.1,68.3,61,48.5,34.6,25.8
"1020021942",1942,102,17.3,17.3,32.9,49.3,54.1,64.4,68.7,67.2,56.2,47.8,32,14.6
"1020021943",1943,102,8.8,18.3,22.7,41.9,53.1,66.8,71.4,68.5,55.5,47,28.8,20.7
"1020021944",1944,102,24,19.3,24.4,39.9,59.1,66.7,68.6,68.2,59.4,48,35.9,16.8
"1020021945",1945,102,11.7,18,38.7,42.9,49.8,60,67.3,67.4,57.7,45.9,31.1,13.4
"1020021946",1946,102,15.6,17,39.5,46.9,52.6,64.3,69.7,64.9,58.4,49.6,32.6,20.4
"1020021947",1947,102,18.8,13.1,25.8,40.2,50.3,61.6,69,74.2,60.5,56,27,18.6
"1020021948",1948,102,9.1,14.6,26,47.2,54.3,63.9,70.5,69,63.2,47.2,34.6,19.2
"1020021949",1949,102,14.9,14.6,27.5,44.6,57.6,68.2,71.7,69.4,55.5,50.1,34.3,19.9
"1020021950",1950,102,10.6,15.8,23.2,35.4,53.7,64.4,66.3,63.3,58.5,51,27.4,12.9
"1020021951",1951,102,10.9,17.6,23.1,40.4,58.3,61.6,68.1,64.5,55.3,46.9,24.8,15.6
"1020021952",1952,102,13.8,22.9,25.4,46.1,54.9,67.5,70.5,66.1,60,42.3,33.9,23
"1020021953",1953,102,17.1,19.6,30.4,39.5,55.3,67,69.6,69.2,59.2,53,36.8,21.8
"1020021954",1954,102,11,28.9,26.3,44.6,50.3,67.3,70.3,66.3,58.9,46.4,35.7,21.9
"1020021955",1955,102,14.1,14.9,25,50.5,59,64.5,74.7,72.2,59.8,48.9,26.1,13.6
"1020021956",1956,102,14.1,15.5,24.9,39.8,54.6,68.6,66.7,67.1,56.3,53.2,32.4,21.8
"1020021957",1957,102,8.2,20,28.6,43.9,54.3,64.2,72,67.1,56.7,45.7,31.7,23.6
"1020021958",1958,102,18.6,13.3,30.2,44.9,56.1,60.2,67,67.6,59.6,49.7,34,12.8
"1020021959",1959,102,8.1,13.6,28.8,43.5,58.3,67,69.4,71.5,59.9,43.4,24,26.9
"1020021960",1960,102,15.8,16.8,18.2,44.4,54.9,62.7,68.4,68.8,60.5,47.8,34.8,16.8
"1020021961",1961,102,13,23.4,32.5,39.1,52.8,65.4,68.7,68.8,59.2,49.2,32.4,16.4
"1020021962",1962,102,9.1,13.7,26.6,41.7,59.6,64.4,66.6,67.2,56.2,49.8,34.8,18.8
"1020021963",1963,102,4.7,11.9,32,45.9,54,67.7,70.6,66.1,59.9,57.1,37.5,11.3
"1020021964",1964,102,20.3,21.3,26,44.7,60,65.4,71.9,64.6,57.7,46.2,35.1,14.9
"1020021965",1965,102,10.8,13.3,19.8,41.4,58.4,63.8,67.5,65.8,54.2,48.3,32.7,26.5
"1020021966",1966,102,5.7,16.8,33.3,39.9,51.2,65.9,72.4,65.4,57.8,46.7,31,18.4
"1020021967",1967,102,16.4,11.2,29.9,43.5,50.4,64.9,67.2,64.3,57.9,45.9,30.1,21.3
"1020021968",1968,102,13.6,14.7,35.9,45.8,52.3,64.9,68.4,67.4,59.3,49.1,32.7,17.3
"1020021969",1969,102,10.7,18.8,23.4,45.5,56.2,59.1,69.1,69.8,59.4,44.3,32.1,19.6
"1020021970",1970,102,6.7,16.1,24.6,43.6,56.1,66.6,71.1,68.2,59.4,48.2,31.7,18
"1020021971",1971,102,7.3,16.5,26.2,43.7,52.9,68.8,66.2,66.1,60.8,52.8,32.8,20.5
"1020021972",1972,102,8.8,12.4,26,40.1,58.4,63.6,67.5,67.2,57.6,43.6,31,14
"1020021973",1973,102,17.6,19.8,38.1,42.9,52.9,66.5,69.6,69.9,58.5,52.6,33.2,17.5
"1020021974",1974,102,12.9,16.7,28.9,44.8,52.4,63.1,72.2,65.4,54.5,47.4,33.9,23.4
"1020021975",1975,102,16.2,16.9,23.3,37.7,59.1,65.3,71.4,68.2,55,50,36.7,19.9
"1020021976",1976,102,12,25.6,30.3,47.4,53.9,67.2,70.6,68,58.3,42,26.1,11
"1020021977",1977,102,2.4,20.1,36.1,49.6,63.7,65,71.8,63.8,59.1,46.4,31.8,15.8
"1020021978",1978,102,7.1,9.8,26.4,42.4,57.4,64.7,68.3,67.9,62.7,46.8,31.1,15
"1020021979",1979,102,3.1,7.5,27.9,39.9,52.7,64.3,69,65.7,60.2,45.7,31.7,25
"1020021980",1980,102,14.8,14.8,25.6,45.6,58.5,64.3,71.3,68.5,58.6,43.4,34.2,18.1
"1020021981",1981,102,16.2,22.5,34.3,47.3,54.3,65.1,69.6,67.4,57.7,44.5,36.7,18.6
"1020021982",1982,102,3.4,15.1,27.3,40,59.4,60,70.4,65.8,57.9,48.6,31.2,25.8
"1020021983",1983,102,19.2,25,32.1,40.2,51.4,65.3,73.6,72.7,60.2,47.3,34.3,6.5
"1020021984",1984,102,12.1,27.6,24,44.7,52.9,66.5,68.7,70.3,56.3,49.6,33.1,20.3
"1020021985",1985,102,11,15.1,34.4,48.4,59.2,61.7,68.6,64.6,58.4,46.8,26.2,9.2
"1020021986",1986,102,17,16,33.3,47.6,57.6,65.4,71,64.1,59,47.3,28.2,23.2
"1020021987",1987,102,20.2,28.3,35.4,49.5,60.1,68.8,72.6,66.8,59.9,42.7,36.8,25
"1020021988",1988,102,11.1,13.3,31.2,44.4,60.9,69.7,72.9,71.2,59.9,42.4,33.7,20
"1020021989",1989,102,21.7,10.2,26.1,42.6,55.5,63.9,71.7,67.8,58,48.3,28.8,9.6
"1020021990",1990,102,24.9,21.5,33.8,45,52.9,66,68.6,67.9,61.1,46.1,36.8,17.9
"1020021991",1991,102,11.2,23.8,33,47.4,60.4,69,69.6,69.1,57.6,45.9,26.6,22
"1020021992",1992,102,21.3,25.8,31.7,41.1,57,62.5,63.8,63.1,57.2,46,30.7,20.4
"1020021993",1993,102,14.7,15.8,28.2,41.3,55.2,62.4,68.4,68.4,53.6,44.7,30.2,21.4
"1020021994",1994,102,4.5,11.7,32.3,44.2,56.5,66.9,67.6,64.9,61.3,50.1,36.7,25.2
"1020021995",1995,102,16.9,18.1,32.5,39.5,54.1,68.5,70.2,71.9,57.1,47.5,25.6,17.5
"1020021996",1996,102,9.9,16.9,23.8,39.5,52.6,65.8,66.8,68,59,47.6,25.8,17.1
"1020021997",1997,102,11.3,20.4,29.3,40.9,50.1,67.2,69,65.2,60.4,48.1,29.6,26.3
"1020021998",1998,102,19.9,31.5,30.7,47.2,61.6,63.9,70.1,69.8,63.9,49.8,36.7,25.3
"1020021999",1999,102,13,27,32,46.5,58.1,66.1,72.9,66.8,58.6,46.5,40.3,24.2
"1020022000",2000,102,15.9,26.4,38.9,44,58.1,63.6,68.6,68.4,59,50.8,31.9,8.6
"1020022001",2001,102,19.4,14.5,27.6,46.8,57.8,65.5,70.9,70.2,58.3,46.9,43.5,27.5
"1020022002",2002,102,23.9,26.6,25,43.5,51.6,67.7,73.3,68,62.5,42.1,31.5,24.7
"1020022003",2003,102,14.4,14.5,29.4,44.3,54.7,64,69.4,70.7,59.3,48.1,32.6,25
"1020022004",2004,102,11.2,20.3,34.5,45.6,54.3,62.6,67.5,62.9,63.5,48.7,37,21.3
"1020022005",2005,102,13.9,24.8,28.9,48.7,53.6,69.5,71.5,68.5,63.8,49.9,35.6,19.1
"1020022006",2006,102,28.1,19,32.2,49.7,57.4,66.2,73.3,68.8,57.4,44.2,36.2,27.9
"1020022007",2007,102,19.5,12,35.3,42.9,59.9,67.8,70.4,69.2,61.4,52.7,33.5,17.6
"1020022008",2008,102,14.9,14,26.7,43.1,52.8,65.1,69.6,67.4,60.6,47.4,33.9,13.7
"1020022009",2009,102,7.9,20.6,30.6,43.5,55.3,64.1,64.7,65.5,62.1,42.6,40.3,17.7
"1020022010",2010,102,14.1,17.7,37.2,50.9,57.8,65.9,71.8,71.4,57.9,50.4,34.8,17
"1020022011",2011,102,11.5,18.3,28.3,43,55.2,65.2,74,69.1,58.3,50.6,36.8,26.4
"1020022012",2012,102,22.2,26.3,45.5,46.6,60.2,67.8,75.4,67.9,58.7,45.8,34.7,24.2
"1020022013",2013,102,17.6,18.2,24.8,38.3,55.6,65,69.7,68.4,62.1,47.4,31.2,12.5
"1020022014",2014,102,8,8.7,22.6,41.3,55.8,66.5,66.5,67.8,59.3,47.6,26,24.7
"1020022015",2015,102,16.4,8.6,31.7,45.8,56.7,65,69.4,66.8,65.2,49.4,39.4,30.6
"1020022016",2016,102,17.2,23.7,37.5,43.9,56.9,67.1,70.5,69.9,63.2,51,42.2,20.2
"1020022017",2017,102,20.2,28.5,31.3,47,54.5,66.6,70.2,65.2,62.8,50.4,31.9,18.4
"1020022018",2018,102,15.3,16.2,30.2,34.9,62.4,67.9,70.6,69.2,61.8,44.2,27.2,25
"1020022019",2019,102,13,12.6,26.3,43.6,52.4,64.9,71.8,66.5,62.8,45.2,29,23.6
"1020022020",2020,102,20.7,19.8,34.5,41.5,54.5,68.2,72.6,69.1,58.3,42.2,38.4,24.8
"1020022021",2021,102,21.5,11.2,37.7,45.1,55.6,70.1,70.7,70.5,62.6,53.7,35.1,25.4
"1020022022",2022,102,10,14.6,30.4,39.2,57.6,67,70.5,68.6,61.5,48.1,34.7,19.2
"1020022023",2023,102,21.9,21.3,28,43.4,58.5,68,68.9,68.4,63.9,49.9,35.2,32.5
"1020022024",2024,102,19.8,31.7,35.2,46.5,58.3,66.8,69.9,68.4,65,-99.9,-99.9,-99.9
"1030021895",1895,103,24.6,21.9,40.2,55,63,73.5,73.2,74.5,70.6,48.9,41.7,34.3
"1030021896",1896,103,31.2,33.5,36.9,60,69.4,71.3,75.5,74.6,64.7,52,44.3,35.8
"1030021897",1897,103,27.1,34.7,44,52.2,59.8,71.4,76.8,72.4,70.3,60.1,42.9,31.9
"1030021898",1898,103,34.2,33.3,46,49.9,64.2,73.8,75.9,74.4,69.9,53.7,39.3,29.4
"1030021899",1899,103,29.4,22.2,38.4,53.9,65.6,73.5,75.2,76.2,65.8,59.2,46.5,30.7
"1030021900",1900,103,32.9,27.5,37.9,53.7,64.5,71.6,75.6,78.4,70.7,61.2,42.9,34.1
"1030021901",1901,103,32.1,26.2,41.9,49.7,61.9,74.3,81.1,74.8,66.4,56.1,39.2,28.3
"1030021902",1902,103,29,23.6,43.9,51.2,67.2,70.2,76,72.5,63.7,57,49.4,31.2
"1030021903",1903,103,29.4,31.3,47.7,52.9,65.2,66.3,75.4,73,66.1,55.1,38.9,26.7
"1030021904",1904,103,24.9,28.2,42.8,47.6,62.4,70.1,73,71.7,67.8,54.7,42.4,31.4
"1030021905",1905,103,23,22.2,47.2,52.8,64.4,72.6,73.6,74,67.8,54.2,42.7,32.9
"1030021906",1906,103,34.9,30.7,33.9,55.8,63.9,71.3,73.4,75.6,70.6,54.1,41.6,34.8
"1030021907",1907,103,35.7,31.5,50.2,45.4,58,68.2,75.6,73,66.6,52.5,40.6,34.8
"1030021908",1908,103,30.9,31.2,47.1,54.1,64.3,70.7,75.1,73.6,69.2,54.5,44.3,35.4
"1030021909",1909,103,32.9,37.2,41.1,52.1,61.2,72.2,73.4,75.6,65.5,52.2,50.7,25.1
"1030021910",1910,103,29.7,28.5,51.9,53.4,58.7,68.6,75.3,72.6,68.3,57.8,38.4,28.2
"1030021911",1911,103,34.2,37.5,42.9,51,67.6,74.7,75.4,73.9,71,55.7,38.1,36.8
"1030021912",1912,103,19.7,25.8,35.2,54.7,64.9,68.4,75.7,72.4,68.4,56.4,42.6,34.6
"1030021913",1913,103,35.1,29.6,41.1,52.8,63.5,73,77.6,77.2,66.8,54,47.3,36.5
"1030021914",1914,103,35.2,26.3,39,53,64.4,75.8,77.4,74.8,66.3,57.6,44.2,27.1
"1030021915",1915,103,27.4,37.6,34.9,57.8,61.7,69.1,73.3,68.9,68.6,57.2,46.3,32.3
"1030021916",1916,103,34.3,30.1,40.2,51.3,64.5,67.7,78.5,76,65.2,55.2,44.2,30.5
"1030021917",1917,103,31.3,29.1,42.6,51.7,56.8,69,74.5,71.9,65,48,42,23.4
"1030021918",1918,103,16,34.1,48.2,50,67.3,72.3,73.2,78.2,60.4,58.5,42.8,39.8
"1030021919",1919,103,33.1,34.1,43.9,53.2,60.8,74.4,77.3,73,68.8,60.2,42.3,28.3
"1030021920",1920,103,26.4,31.5,42.9,49,61.5,70.7,73.5,71.6,68.5,59,40.5,34.5
"1030021921",1921,103,35.2,37.6,51.6,55.4,64.1,75.3,78.9,73.4,72,54.8,44.4,36.1
"1030021922",1922,103,28.4,35.7,44.1,55.2,65.6,73.4,74.6,73.4,69.7,57.3,44.8,35.3
"1030021923",1923,103,35.6,29,40.1,51.6,61,72.2,75.3,73.6,67.1,52.3,42.9,41.5
"1030021924",1924,103,25.3,31.7,37.4,53.6,57.1,70.9,71.9,74.2,62.3,58.4,43.7,29.2
"1030021925",1925,103,29.3,38.7,45,58.1,59.1,74.8,75.2,73.9,73.3,48.3,40.6,30.3
"1030021926",1926,103,30,36.3,36.3,47.7,64,68.5,75.6,75.3,69,55.6,38.9,31.8
"1030021927",1927,103,29.8,40.4,44.6,54.5,62.7,68,74.1,68.6,69.8,58.4,46.7,31.5
"1030021928",1928,103,30.7,34.2,42,49.2,62.1,66.9,75.4,75,63,58.3,43.2,35.1
"1030021929",1929,103,26.8,26.2,47.5,55.8,60.8,69.5,75.3,71.9,66.5,53.8,39.4,33.5
"1030021930",1930,103,25.9,41.4,40.8,55.6,64,71,78.3,74.8,69.5,52.8,43.2,31.8
"1030021931",1931,103,33.4,38,37.7,52.6,60.1,73.9,78.4,73.3,72.6,59.1,50.8,41.3
"1030021932",1932,103,38.4,41,36.3,53.3,63.6,73.1,76.8,74.6,66.6,54.5,38.9,32.4
"1030021933",1933,103,39.2,32.2,41.5,52.7,65.5,75.7,76.5,73.1,72.2,54.2,42,37.9
"1030021934",1934,103,35,27.2,38.8,53.4,66.3,77.1,81,75.4,66.3,57.2,46.5,31.1
"1030021935",1935,103,31.8,35,48.8,50.6,59.5,68.5,77.9,75.3,66.4,55.6,42.4,27
"1030021936",1936,103,23.6,24,46.1,49.7,66.5,73.3,80.6,79.4,71.1,55.4,39.6,36.4
"1030021937",1937,103,34,32.2,38.2,52.1,63.4,72,74.9,76.9,65.7,53,39.4,30.5
"1030021938",1938,103,31,40.2,49.6,55,63.1,69.9,76.2,76.8,68.2,58.6,44.4,33.6
"1030021939",1939,103,35.6,34,44.4,50.3,65.1,73.3,75.8,73.4,72,58,40.8,36.1
"1030021940",1940,103,16.3,31.9,39.4,50.8,60.3,72,75.2,74.1,65.3,58.2,41.1,37.8
"1030021941",1941,103,31.9,29.4,36.8,57.1,66,72.6,76.7,75.2,70.1,60,43.5,38.2
"1030021942",1942,103,29,29.7,44.1,56.3,63.3,72.5,76.4,72.8,65.6,56,45.4,30.3
"1030021943",1943,103,31,35.4,38.5,51.2,63.3,75.4,76.7,76,63.7,53.7,40.2,30.6
"1030021944",1944,103,33.4,36.3,39.8,50.9,67.7,75,75.6,74.4,67,55.4,43.8,27.6
"1030021945",1945,103,26.5,33.9,51.9,54.7,58.7,68.9,73.6,73.6,68.6,53.8,44.1,26.7
"1030021946",1946,103,32,36.5,52.4,55.7,60.6,71.4,75.4,70.1,66.4,58.2,46.4,37.8
"1030021947",1947,103,34.7,25.6,34.8,53.7,60.2,70.1,71.7,79.4,68.6,62.3,39.6,34.3
"1030021948",1948,103,23.2,32.9,43.4,57.5,61.6,71.6,75.5,73.4,67.8,52.6,45.8,35.8
"1030021949",1949,103,34.9,36.3,42,51.6,64.7,73.7,77.8,73.6,61.8,58.9,43.5,36.7
"1030021950",1950,103,38.2,34.7,38.7,48.4,64.4,70.5,71.9,70,64.8,59.7,37.6,27
"1030021951",1951,103,31.6,33.6,40.4,50.2,63.7,70.4,74.8,73.4,64.7,57,36.5,33
"1030021952",1952,103,35.2,37.4,40.6,52.8,62.8,77.3,77.7,73.7,66,50.2,43.3,35
"1030021953",1953,103,35,37.4,44.5,49.9,65.2,76.2,76.3,74.6,68.1,58.3,43.6,34.1
"1030021954",1954,103,31.6,41,40.2,58.8,58.6,74.4,78.4,75.5,70.5,56.5,42.8,33.5
"1030021955",1955,103,29.9,33.4,43.1,58.6,65.1,67.4,78.8,76.4,69.5,55.4,39.7,30.6
"1030021956",1956,103,28.2,36.1,42.1,51,64.6,72.1,74.7,74.3,65.7,59.9,42.3,39.3
"1030021957",1957,103,26.6,38.6,41.5,55,63.6,72.4,75.8,73.6,66.1,51.9,42.5,37.8
"1030021958",1958,103,28.7,24.5,37.3,53.2,62.8,68.8,74.5,73.2,66.6,55.3,45.6,27.5
"1030021959",1959,103,26.6,33.7,41.4,53.6,66.9,71.6,74.6,76.7,68.7,55.2,38.4,37.1
"1030021960",1960,103,32.1,29.8,28.4,56,60.4,70.3,73.3,74.9,69.7,56.3,43.8,28
"1030021961",1961,103,26.4,37.3,45,48.2,58.7,69.1,74,72.8,68.8,56.2,43.3,31.5
"1030021962",1962,103,25.8,34.8,38.6,51,69.7,71.4,73.9,73.8,64.2,57.7,42.3,29
"1030021963",1963,103,21.8,26.3,46,55.5,61.8,72.1,74.1,72,66,62.2,45.3,22.6
"1030021964",1964,103,32.3,30.9,41.4,55.7,66,72.3,75.5,72.4,66.7,52.3,46.5,33.4
"1030021965",1965,103,30.8,31.8,35.1,54.9,67.7,70.9,73.6,72.4,67.7,54,45.9,38.7
"1030021966",1966,103,24.7,31.9,44.1,50.9,59.8,70.7,77.7,71.5,64,52.2,44.7,32.8
"1030021967",1967,103,33.5,29.1,45.6,56.2,59.2,71.6,71.8,69.4,63,54.5,39.6,35.4
"1030021968",1968,103,26.8,27.3,43.8,54.1,60.1,71.9,74.6,74.5,65.8,55.3,42.9,31.2
"1030021969",1969,103,27.7,33,36.2,54.6,63.3,70.2,76.8,73,65.9,54.4,40.5,30
"1030021970",1970,103,22.4,31.3,38.9,54.9,65.6,70.5,74.5,74.1,70,56,42.2,36.2
"1030021971",1971,103,26.5,31.8,38.9,52.5,59.5,74.6,72.7,71.7,69.4,61.7,43.5,40.3
"1030021972",1972,103,30.2,31.5,41.9,52.9,63.4,68.5,74,73.1,68.6,52.6,40.2,33
"1030021973",1973,103,31,32.7,49.6,51.7,59.6,72.7,75.4,74.1,68.9,59.4,46,32.8
"1030021974",1974,103,33.1,34.5,46.3,54.7,62.7,67.5,75.9,72.4,61.9,53.8,43.8,34
"1030021975",1975,103,33.6,33.5,38.6,50.3,65.9,71.9,74.5,75.4,62.8,56.8,47,34.9
"1030021976",1976,103,26.9,41.1,47.9,54.5,59.2,70.5,74.1,71,64.4,49.4,35.6,28.1
"1030021977",1977,103,14.7,31.5,47.4,57.6,67.7,70.9,77.4,73.5,68.8,52.9,45,30.4
"1030021978",1978,103,19.8,20.3,37.3,54.3,61.4,71.7,75.5,73.8,70.4,53,46,33.6
"1030021979",1979,103,19.7,22.9,43.7,51.7,61.7,70.6,73.4,72.9,65.9,55,43.1,35.7
"1030021980",1980,103,30.7,26.6,38.5,51.6,63.2,70.6,78.9,77.6,69.3,52.4,42.3,33.6
"1030021981",1981,103,26.9,34.1,41.7,58.5,59.4,72.8,75.6,72.3,65.1,53.4,44.8,30.5
"1030021982",1982,103,23,30.4,43.5,49,67.2,67.8,75.8,71.5,65.1,55.9,45,40.6
"1030021983",1983,103,31.3,35.9,43.5,48.4,59.7,71,77.9,78.5,67.6,56.6,45.3,23.4
"1030021984",1984,103,25.4,38.6,36.8,51.4,59.8,73.9,73,74.3,64.7,59.7,42.1,40.4
"1030021985",1985,103,22.3,28.4,46.3,57.4,64.4,69.3,74.6,71.8,66.8,58.1,47.1,26.3
"1030021986",1986,103,31,34.3,45,56.3,64.4,73,77.8,71,69.6,56.4,41.8,34.2
"1030021987",1987,103,29.9,36.9,45.8,53.1,68,73.8,76.7,75.2,67,49.8,47.1,36.6
"1030021988",1988,103,27,30.4,43,53,63.8,72.5,76.8,77.1,66.9,49.3,44.7,34
"1030021989",1989,103,37.5,28.6,44,52.5,59.9,70.4,75.1,72.9,64.6,56,43.3,21.8
"1030021990",1990,103,38.9,39.9,46.6,52.3,60.2,71.6,74.4,73,68.3,54.5,48.3,35.6
"1030021991",1991,103,29.2,37.4,46.1,56.8,68.8,73.9,76.6,74.5,66.9,56.9,40.3,37
"1030021992",1992,103,33.5,39.4,44,53,61,68.2,74.2,69.2,65.3,53.9,43.2,34.1
"1030021993",1993,103,32.8,30.5,39.4,50.9,63,70.7,77.4,75.3,63.8,53,41.9,33.9
"1030021994",1994,103,24.2,32.4,42.9,55.2,59.8,73.7,74.4,71.5,65,56.3,48.3,38.6
"1030021995",1995,103,30.6,32.6,45.6,52.7,61.3,71.5,76,78.4,64.5,56.4,38.7,31
"1030021996",1996,103,28.3,33.4,37.2,50.8,63.6,71.7,73,73.5,64.8,55.6,38.1,35.7
"1030021997",1997,103,27.6,37.7,45.8,48.9,58,70,75.3,71.6,66.4,55.3,40.5,34.6
"1030021998",1998,103,36.6,40.9,42.9,53.5,67.4,72.2,75.4,74.9,71.4,57.4,46.8,37.9
"1030021999",1999,103,31.6,39.5,39.8,56.1,63.8,72.4,78.6,73.4,66.3,55.4,49.7,35.9
"1030022000",2000,103,30.8,40.1,47.7,52.6,65.8,71.3,73.6,74.7,66.6,58.5,41.3,22.7
"1030022001",2001,103,29.1,36.1,39.2,58.2,64.7,70.3,75.4,75.2,65,54.8,50.2,39.1
"1030022002",2002,103,35.6,36.8,41.5,55.9,60.2,73.5,77.6,75.8,70.2,54.4,41.7,34.3
"1030022003",2003,103,25.7,30.2,44.8,55.3,62.4,68.1,74.9,75.6,64.8,55.1,47.6,35.2
"1030022004",2004,103,28.5,33.1,47,54.5,66.9,70.4,73.3,69.9,67.8,57.3,47.8,33.9
"1030022005",2005,103,33.8,38.1,40.8,55.5,60.7,73.9,76.6,76.4,70.5,56.4,46.4,30
"1030022006",2006,103,40.7,33.7,43.8,58.5,62.2,71,76.6,76.1,64.1,52.8,45.8,38.8
"1030022007",2007,103,33.9,26.1,50.1,51.4,66.9,72.7,73.6,79,70.1,60.7,44.2,35.4
"1030022008",2008,103,30.6,32.1,42,53.5,60.4,73,74.6,72.5,68.2,54.8,42.2,32.4
"1030022009",2009,103,26.1,35.9,45.7,53.2,63.3,72.7,71,72.2,66.8,51.7,48.2,32.1
"1030022010",2010,103,26.2,28.2,44.6,58.7,65.2,75.5,77.6,77.1,68.2,57,45.2,27.3
"1030022011",2011,103,26.6,34.4,44.2,55.7,63,73.5,79.6,75.2,65.1,55.2,47.8,38.2
"1030022012",2012,103,35.5,38.6,56.3,55.6,68.4,72.4,80.6,73.9,65.9,53.8,42.5,39.7
"1030022013",2013,103,33.4,33.4,37.3,52.5,63.8,71.8,73.6,72.8,68.3,55.9,41,32.4
"1030022014",2014,103,23.6,27.1,38,54.4,64.3,72.9,71.2,73.9,66.3,56.1,37.7,37.1
"1030022015",2015,103,29.2,23.4,41.6,55.6,65.6,72.8,75.1,72.1,70,56.7,48.8,44.7
"1030022016",2016,103,29.6,36.9,49.5,54.9,62.1,74.4,76.7,76.6,71.2,60.8,49,33.3
"1030022017",2017,103,36.7,43.7,45.5,58.6,63,71.8,76.2,71.5,68.2,58.7,44.8,33
"1030022018",2018,103,27.3,38.4,41.6,47.7,70.8,74.7,75.9,75.1,71.4,56.4,38.8,37.2
"1030022019",2019,103,30.8,35.7,40.3,55.2,65,71,76.9,74,73,56.6,39.2,38.9
"1030022020",2020,103,36.2,36,48,51.2,61,72.8,77.9,73.7,66.6,54.8,48.6,35.4
"1030022021",2021,103,33.2,27.1,48.3,53.4,61.3,73.3,75,76,69.1,60.9,42.7,43.8
"1030022022",2022,103,27.5,33.4,45.9,51.9,65.8,73.4,77.1,74.4,67.5,54.1,44.9,34.1
"1030022023",2023,103,38.4,41,43.8,54.9,63.5,70.5,75.8,73.9,68.6,57.8,45.1,41.2
"1030022024",2024,103,29.8,42.9,48.5,57.1,67.3,74,75.3,74.5,69.4,-99.9,-99.9,-99.9
"1040021895",1895,104,43.6,37.3,53.1,61.1,68.3,76.8,77.8,78.5,76.3,60.3,53.9,45.3
"1040021896",1896,104,43.2,47.1,51.6,65.7,74.6,76.4,79.6,79.9,74.2,62.2,58.5,45.2
"1040021897",1897,104,41.9,50.2,57.8,61.6,68.2,78.6,79.6,77.7,73.4,65.7,54.9,47.7
"1040021898",1898,104,48.6,45.2,58.5,58.3,72.3,78.4,79.3,78.2,74.7,62.6,51.6,45.1
"1040021899",1899,104,45.1,42.8,54.9,60.3,73.2,78.4,78.9,79.7,72.4,65,55,45.2
"1040021900",1900,104,44,44.7,51.8,62.4,70.1,76,80,81.2,76.6,67.8,55.1,46
"1040021901",1901,104,45.1,42.8,52.9,56.5,70,76.5,80.6,77.7,72.5,62.6,48,43.3
"1040021902",1902,104,42.5,40.7,54.1,60.2,73.4,77.7,80.7,78.8,72.2,64.2,58.2,46.2
"1040021903",1903,104,43.7,49,59.3,59.9,69.5,73.2,79.1,79,72.1,62.4,50.8,40.6
"1040021904",1904,104,40.8,45.5,55.8,59.1,69.2,76,77.8,76.9,74.2,63.2,51.4,44.9
"1040021905",1905,104,39.9,40.4,57.1,62.4,73,77.4,79.1,77.4,75.1,63.8,54.3,44.5
"1040021906",1906,104,46.9,45.7,50.4,63.3,69.4,77.4,77.8,79.3,76.5,61.5,54.4,47.8
"1040021907",1907,104,52.2,46.2,61.2,56.8,68.6,73.8,79.6,78,74.7,61.4,52,46.1
"1040021908",1908,104,43.6,43.3,60,66.2,70.8,75.9,78.9,77.6,72.2,61.4,55.4,49.7
"1040021909",1909,104,49.5,50.4,53.8,62.6,68.7,77.4,77.6,78,72.5,61.4,57.7,41.7
"1040021910",1910,104,44.4,44.9,58.4,61.6,68.3,73.9,78.1,77.4,75,65.7,49.8,40.8
"1040021911",1911,104,49.1,51.5,54.3,61.1,71.4,78.7,77.9,78.3,77.5,67.2,51.4,49.5
"1040021912",1912,104,40.2,42,52.5,64,71.2,74.4,78.5,77.8,76,65.1,51.3,48.4
"1040021913",1913,104,52.4,47.7,56.1,60.8,70,75.7,80,77.9,71.6,61.9,54.2,47.8
"1040021914",1914,104,46.2,44.4,48.9,62.5,70.8,79.8,79.2,78.2,71.4,64.1,52.2,43.7
"1040021915",1915,104,44,47.7,45.6,62.1,72.1,75.7,79.2,78.1,75.2,66,55.5,44.1
"1040021916",1916,104,51.4,47,51.8,60.4,72.2,75,77.7,78.3,72,63.8,53.8,46.3
"1040021917",1917,104,49.2,46.7,54.8,63,65.7,75.8,78.5,77.3,71,59.3,49.9,38.6
"1040021918",1918,104,37,51.7,59.1,59.9,71.5,76.4,76.5,78.9,69.6,67.3,52.7,49.6
"1040021919",1919,104,45.4,46.7,55.8,61.3,69.6,76,78.4,77.6,73.6,72.4,56.3,46
"1040021920",1920,104,45.8,44.2,52,61.2,67.6,75.5,77.7,76.8,74.9,63.6,51.8,45.8
"1040021921",1921,104,47.6,49.6,62.2,62.6,67.9,77.9,79.1,77.9,78.9,62.7,57.1,50
"1040021922",1922,104,44.6,52.5,55.5,64.5,70.5,77.1,78.7,76.3,74.5,64.7,55.2,51.4
"1040021923",1923,104,48.8,46.6,55.1,61.7,67.9,76.2,77.8,78,74.6,62.4,51,52.8
"1040021924",1924,104,43.3,44.8,50.2,61.1,67.2,77.6,77.8,79.4,70.8,62.4,54.1,48
"1040021925",1925,104,46.4,51.9,55.8,64.6,67.6,78.6,80.1,78.2,80.1,63.8,51.6,44.8
"1040021926",1926,104,43.8,49,48.2,59.7,69.3,75.6,78.6,79.5,76.7,65.1,50.4,49
"1040021927",1927,104,46,55.7,55.2,63.8,71.2,75.7,78.4,76.2,74.8,65.6,57.5,46.4
"1040021928",1928,104,44.2,47.4,54.4,59.2,67.5,75.2,79,78.8,71.5,66.1,53,46.3
"1040021929",1929,104,47.5,46.4,58,64.9,69.8,74.9,77.7,77.6,73.1,61.9,55.2,45.6
"1040021930",1930,104,46.7,51.7,50.9,62.6,71.6,74.8,80.9,77.1,76.5,60.8,51.8,42.1
"1040021931",1931,104,44,47.8,48.5,59.8,67.9,77.2,81,77.3,76.9,66,58.8,54.8
"1040021932",1932,104,53.5,55.2,50.5,61.8,69,76.8,81,78.5,73.4,63.4,50.7,50.2
"1040021933",1933,104,51.2,48.9,53.6,61.3,74.1,77,78,78.3,77.4,64.6,52.4,52.5
"1040021934",1934,104,48.1,42,51.9,62.4,69.6,78.1,80.6,78.7,74.4,64.5,55.4,45.4
"1040021935",1935,104,46.2,47.4,59.1,61.9,70.2,76.4,78.8,78.8,72.9,64.7,55.7,39
"1040021936",1936,104,42.6,43.7,56.6,60.4,71.3,77,80.2,79,75.7,66,52.2,48.4
"1040021937",1937,104,56.1,47.2,51.5,60.9,70.1,77.9,78.4,78.6,71.5,61.3,50.6,44.9
"1040021938",1938,104,45.5,52.5,59.7,62.5,70.9,74.8,77.8,79.7,73.3,63,55.8,45.9
"1040021939",1939,104,48.1,52.7,57,61.4,69.4,78.2,78.6,77.3,75.3,65.6,50.9,47
"1040021940",1940,104,34,45,51.8,59.9,67.8,76.7,77.8,77.8,71.4,63,53.5,50.3
"1040021941",1941,104,45,42.2,48.2,63.8,70.9,76.7,79.1,79.2,75.8,69.9,54.1,49.3
"1040021942",1942,104,43.5,42.5,53.7,62.8,70.4,77.2,80.1,77.3,73.5,64.3,55.7,46.6
"1040021943",1943,104,47.6,48,52.6,60.7,71.8,79.6,79.2,79.4,71.3,61.4,51.7,45.8
"1040021944",1944,104,45.1,51.8,54.5,61.4,71.8,78.9,77.8,77.2,74.6,62.6,52.6,43
"1040021945",1945,104,44.3,50.3,62.4,65.3,67.6,77.3,78.3,77.4,76.1,62.8,55,41.4
"1040021946",1946,104,46.8,49.3,59,63.5,69.4,75.2,77.6,76.2,72.4,64.1,59.2,50.4
"1040021947",1947,104,50.9,41,47.4,64.8,69.8,75.4,76.1,78.8,74.3,67.3,52.3,46.7
"1040021948",1948,104,40.1,49.2,57.7,65.2,70.6,77.2,79.2,77.1,72.1,60.6,58,50.2
"1040021949",1949,104,53.1,53.8,53.8,61.1,70.5,76.3,79.7,77.8,71.8,67.8,51.9,49.1
"1040021950",1950,104,56.9,51.4,51.8,58.9,71.6,76.9,77,76.6,71.7,66,50.1,41.9
"1040021951",1951,104,46.5,48.1,54.3,60.6,68.9,76.9,79.2,79.7,74.2,66.1,49.9,49.6
"1040021952",1952,104,51.2,49.5,53.7,61,70.6,80.5,80.6,78.1,72.2,59.8,53.4,45.4
"1040021953",1953,104,48.9,49.8,56.5,61.1,73.9,77.6,79.1,78,72.8,64.5,52.9,46.8
"1040021954",1954,104,47.1,51.1,53.3,66.2,66.2,77.2,80.2,80.5,76.3,64.7,50.8,44.2
"1040021955",1955,104,44,48.4,57.1,65,71.8,72.7,79.4,79.3,74.7,62.6,52.3,44.6
"1040021956",1956,104,42.2,52.3,53.5,60.4,71.2,75.7,78.6,78.6,71.2,64.7,52,54
"1040021957",1957,104,47.8,54.1,52.8,64.4,70.8,76.9,78.6,77.3,74.1,59.7,55.5,47.4
"1040021958",1958,104,39.9,39.2,50.2,62.1,69.7,76.1,79.1,78.2,73.7,61.9,57.1,43.2
"1040021959",1959,104,43.8,50.2,52.1,62.7,72.1,75.9,78.5,79.1,73.6,66.2,53.1,47
"1040021960",1960,104,45.5,45.3,44.3,63.8,67.9,75.8,78.8,78.4,73.7,65.1,54.7,41.4
"1040021961",1961,104,40.6,50.5,57.2,57.7,67.1,73.9,78,77.1,74.4,62.3,56.6,47
"1040021962",1962,104,43.9,52.2,50.7,59.7,73.7,75.5,78.7,77.9,72.3,64.9,51.2,42.9
"1040021963",1963,104,41.4,41.9,57.2,63.8,69.4,75.4,77.3,78,71.5,64.1,53.6,39
"1040021964",1964,104,43.8,43.2,54.2,63,70.1,77.2,77.2,76.7,72.7,59.7,56.9,49.3
"1040021965",1965,104,45.8,47.1,51.8,63.5,72.2,73.9,77.4,77.7,73.9,61.9,55.6,47.2
"1040021966",1966,104,40.9,45.9,52.5,60.9,68.7,73.4,79.2,77,72,62.4,53.7,45.5
"1040021967",1967,104,47.2,44.5,56.8,65.3,67.5,74.1,76.2,75.5,68.6,61.3,51,50.4
"1040021968",1968,104,42.1,40.4,53,63.1,68,75.7,78.2,79.1,72.2,63.9,52.3,43.3
"1040021969",1969,104,43.1,44.7,48.1,63.1,69.1,77.2,80,76.1,71.6,64.2,51,43.5
"1040021970",1970,104,38.7,45,53,64.2,70.1,75.2,78.6,78.1,76.1,65.3,51.3,48.9
"1040021971",1971,104,44.4,46.7,50,60.4,67,76.7,77.4,76.9,74.4,67.7,53.4,55
"1040021972",1972,104,50.3,46,54.4,62,67.6,73,77.4,77.6,74.5,62.8,53,50.8
"1040021973",1973,104,44.9,44.5,58.5,60.1,67.6,76.3,78.7,77.4,75.5,65.5,57.3,46.5
"1040021974",1974,104,55.9,48.1,58.5,62.1,70.4,73.3,77.4,77,71.8,60.5,53.5,47.1
"1040021975",1975,104,49.4,51.2,53.3,60.5,71.7,75.7,77,78.5,72,65.4,55.7,46.1
"1040021976",1976,104,41.8,52.7,58.4,62.4,66.7,74,77.8,76.2,71.4,58.6,47.8,43.3
"1040021977",1977,104,34.5,44.8,57.7,64.2,70.7,76.8,80.4,78.6,75.1,60.5,56.3,45.4
"1040021978",1978,104,38.1,39.1,51.5,62.8,69,76.6,78.8,78.7,75.2,62.4,58.7,48.4
"1040021979",1979,104,41.1,42.6,55.1,63.1,69,73.7,77.8,77.9,72.8,62.6,55.7,46.9
"1040021980",1980,104,46.1,42.6,52.6,61.6,69.6,75.7,80.8,80.2,76.6,61.4,52.4,45.3
"1040021981",1981,104,39,47.5,51.3,65.4,67.3,79.2,80,76.5,71.4,61.8,53.7,43.6
"1040021982",1982,104,42,50.1,56.7,60.4,70.9,75.7,78.6,77.1,71.6,63.4,56.4,52.4
"1040021983",1983,104,42.7,46.3,53.1,57.8,68.3,74.3,79.9,80.1,72.1,64.3,53.7,44.3
"1040021984",1984,104,41.9,49.4,52.8,60,68.5,76.3,77,77.4,71.2,68.7,52,54.3
"1040021985",1985,104,39.4,47.1,57.2,63.7,70.2,76.5,77.8,77.1,72.5,67.9,62.2,43.6
"1040021986",1986,104,43.7,50.7,54.6,62.4,70.3,78.1,81.6,77.3,74.6,65.2,59,48
"1040021987",1987,104,43.6,46.8,54.1,59,71.5,76.9,80.1,80.3,73.7,58.1,56.3,49.8
"1040021988",1988,104,40.7,45.9,54,61.8,67.8,75.3,78.8,79.7,73.1,59.2,56.1,46.6
"1040021989",1989,104,50.6,49.1,56.4,61,67.8,76.6,78.4,77.6,73,63.5,55,39.2
"1040021990",1990,104,51,54.7,57.9,61.4,69.7,76.7,79.6,79.1,74.2,65.4,56.7,51.6
"1040021991",1991,104,47.3,50.7,56.8,65.1,73.2,76.1,80,78,73.5,64.1,52.1,50.5
"1040021992",1992,104,45.8,51,54,60.9,66.5,74,79.8,75.9,73.2,61.4,55,47.4
"1040021993",1993,104,49.6,45.8,51.6,58.8,69.2,76.8,81.8,79.1,74.5,63.3,54,45
"1040021994",1994,104,41.9,50,56,64.8,67.6,77.3,78.2,76.4,71.5,63.2,58.6,50.7
"1040021995",1995,104,45.9,46.5,57.2,63,71.1,74.9,80.2,80,72.7,65.2,50.8,44.5
"1040021996",1996,104,43.8,47.4,50.3,60.6,71.3,76.1,78.9,77,72.4,63.1,51.9,49.1
"1040021997",1997,104,46.5,51.5,60.2,59.1,66.5,73.4,79.4,77,73.6,63.4,51.5,46.6
"1040021998",1998,104,49,49.8,53.3,62,72.3,79.2,80.8,79,75.9,66,57.9,52.3
"1040021999",1999,104,49.5,50.7,52.1,65.3,68.7,75.4,80.1,80.5,72.4,63.4,57.5,47.9
"1040022000",2000,104,45.4,50.8,58.3,60.4,72.6,77.2,79.1,78.4,72.6,63.6,52.7,40.9
"1040022001",2001,104,42.9,52.4,52.4,63.5,69.7,76,77.8,78.6,71.3,61.8,59,52.4
"1040022002",2002,104,47.8,48.3,55.9,66.3,69.3,76.8,80,78.9,75.8,66.9,52.4,45.4
"1040022003",2003,104,41.1,47.6,58,62,70.3,75.2,78.3,78.8,72.6,63.6,59.2,44.7
"1040022004",2004,104,43.9,46,57.3,61.5,72.9,76.9,79,76.6,73.4,66.5,57.5,46.5
"1040022005",2005,104,48.5,49.8,52.6,60.6,67.3,76,80.5,80,76.2,65.1,56.7,44.7
"1040022006",2006,104,51.1,46.9,55.1,65.9,68.9,76.3,80,80.6,72.2,62.2,54.5,51.7
"1040022007",2007,104,48.9,45,58.5,60.5,69.7,76.9,78.4,82.4,75.2,68.1,54.1,52.3
"1040022008",2008,104,45,50.6,55.1,62.3,69.1,78.5,78.8,77.8,73.9,62.1,51.4,50.7
"1040022009",2009,104,44.8,47.5,55.2,61.8,70.6,78.1,77.6,78.7,73.7,63.7,55.9,46.2
"1040022010",2010,104,41.2,41.5,52.2,64.1,72.7,80.4,81.4,81,75.9,64.5,54.7,39.3
"1040022011",2011,104,41.8,50.5,56.4,65.3,70.5,79.5,81.2,80.6,73.4,61.7,56.3,51.1
"1040022012",2012,104,49.1,51.9,63.2,63.9,72.6,75.1,81.4,77.8,73.1,63.8,51.5,51.7
"1040022013",2013,104,50.6,48.1,49.2,62.6,68,77,78.1,77.2,73.5,64.9,53.2,50.6
"1040022014",2014,104,40,48.7,51.6,62.6,70.7,77.3,78,77.9,74.6,65,49.9,50.3
"1040022015",2015,104,44.7,41.8,57,65.4,71.8,78.7,80.4,78.5,74.2,64.6,59.8,58.5
"1040022016",2016,104,43.8,48.8,60.1,63,69.6,78.2,81.7,80.8,77,67.2,56.9,50.9
"1040022017",2017,104,51.5,55.5,56.3,66.7,70.5,75.9,80.2,78.4,73.6,66.6,55.7,48.2
"1040022018",2018,104,41.7,57.5,52.8,60.2,73.5,78.5,79.5,79.1,78.6,67.3,53,49.7
"1040022019",2019,104,47,54.6,54.6,64.1,74.4,77.2,80.4,79.6,78.1,68.7,52.3,51.7
"1040022020",2020,104,50.5,51.7,61.6,62.4,68.1,76.2,81,79.7,73.5,67.5,59.7,46.6
"1040022021",2021,104,46.7,48.4,58.4,61.9,69,76.4,79,79.6,73.6,67.6,52.6,55.8
"1040022022",2022,104,44.5,51.4,58.1,62.8,72.2,78.4,80.7,78.9,73.6,61.8,57.5,48.3
"1040022023",2023,104,51.3,56.6,57.9,64.1,68.6,74.7,80.7,80.4,74.2,64.9,55.1,50.2
"1040022024",2024,104,46,51.5,58.4,64.2,72.9,78.4,81.1,79.3,74.8,-99.9,-99.9,-99.9
"1050021895",1895,105,9.4,13.8,28.2,47.3,51.9,58.1,65.6,65.1,56,42.7,26.4,19.3
"1050021896",1896,105,17.3,24.5,23.1,41.1,52.7,63.3,67.6,65.1,52.5,42.4,15.4,26.6
"1050021897",1897,105,14.2,17.3,20.2,42.1,56.4,61.2,67.1,65.1,61.7,45.7,25.7,17.4
"1050021898",1898,105,18.4,24,24.8,42.7,50.9,61.8,67.3,67.8,56.4,39.4,25.6,16.9
"1050021899",1899,105,16.2,6.3,17.7,40,49.7,60.3,67.8,64.8,57.3,42.6,37.1,18.7
"1050021900",1900,105,24,15.1,30.3,46.4,57.1,66.2,67.6,67.8,55.3,46.9,27,25.6
"1050021901",1901,105,18.6,15.3,30.4,43,57.4,59.2,72.2,67.8,53.1,47.8,33,20
"1050021902",1902,105,18.3,20,30.2,40.7,54.7,58.4,65.6,64.8,53.6,45.5,30.2,15.4
"1050021903",1903,105,19.5,11.6,26.7,41.9,50.7,60.8,65.6,64.5,52.7,46.7,28.4,21.7
"1050021904",1904,105,16.3,13.8,26.3,41.3,52.4,59.5,65.4,64.9,56.4,47.1,36.8,22
"1050021905",1905,105,12.6,13.2,36.5,41.2,48.9,59.3,65.8,67.9,59,40.2,33,21.2
"1050021906",1906,105,20.9,22.2,21.4,46.1,51.6,59.1,66.7,65.6,59,44.8,28.7,21.5
"1050021907",1907,105,7.3,22.8,32.6,36.9,46.4,59.1,66,64.5,54.6,46.8,32,23.5
"1050021908",1908,105,22.3,21.3,29.2,45,50.1,58.6,68.1,63.6,59.9,42.4,32.2,20.5
"1050021909",1909,105,13.6,20,29,36,49.9,62,67.5,69,57.9,44.5,32,9.6
"1050021910",1910,105,15.9,12.9,43,48.5,51,64,69.7,63.4,56.3,48.6,30.4,21.1
"1050021911",1911,105,14.9,16.6,35.8,41,53.3,65.9,66,62.8,56.4,41.5,22.6,18.6
"1050021912",1912,105,9.8,20.5,19,43.1,52.1,60.9,65.7,63.4,50.3,43.4,34.4,23.4
"1050021913",1913,105,13.6,13.7,23.6,44.9,51.6,63.9,66.3,68.6,56.9,40.4,35.3,22.3
"1050021914",1914,105,23.1,14.3,30.7,42.6,53.7,62,70.6,65.3,57.8,47.3,35.3,11.9
"1050021915",1915,105,14.6,23.2,25.4,49.8,49.8,56.4,62.4,64.4,53.8,47.6,32,21.8
"1050021916",1916,105,2.2,18.6,32,41.4,49.4,57.8,70.8,65.2,55.3,41.2,28.8,10.6
"1050021917",1917,105,12.3,13.1,23,37.6,48.4,58.8,70.8,64.3,57.2,39.8,38.3,15.1
"1050021918",1918,105,9.9,18.7,36.9,39,51.9,65.5,66.9,65.8,54,47.6,29.5,23.6
"1050021919",1919,105,24.9,16.9,27.1,42.8,53.6,65.5,71.3,67.7,59,35.7,22.4,14
"1050021920",1920,105,17.4,21.6,28,34,51.4,60.5,68.6,66.1,57.7,46.5,28.5,20.9
"1050021921",1921,105,23,26.7,32.9,41.6,52.8,66.1,69.9,67.1,55.5,48.4,28,21
"1050021922",1922,105,12,10,28.7,40.7,52.9,64.4,66.1,69.5,60.4,47,30.8,15.7
"1050021923",1923,105,21.5,14.4,25.7,40.6,52.4,62.2,70.6,64.2,57.8,41.8,35.5,23.3
"1050021924",1924,105,10.9,26.3,25.2,40.9,49,58.9,66.2,64.9,55.1,48.2,30.9,10.4
"1050021925",1925,105,16.2,26.2,33.2,47.1,53.6,61.3,68.4,66.4,57.9,34.8,30.9,23.2
"1050021926",1926,105,20.4,28.5,30.9,43.7,56.2,61.3,69.5,66.2,52.1,45.9,28.4,17.7
"1050021927",1927,105,17.3,22.3,31.1,41,49,60.4,66.3,62.8,56.2,47.6,28,7.8
"1050021928",1928,105,20.2,22.6,33.2,38.5,56.7,56.7,67.3,64.9,55.3,43.9,31.6,21.9
"1050021929",1929,105,6,9.9,32.4,40.6,49.8,60.2,70.2,69.4,52.3,46,26.3,20.4
"1050021930",1930,105,3.1,30.1,29.2,48.2,50.8,61.4,71.6,68.9,57,41.3,30.8,23.3
"1050021931",1931,105,25.1,30.3,29.4,43.5,52.3,67.3,70.9,67.4,60.6,47,29.4,22.3
"1050021932",1932,105,13.8,21.4,23.1,44.5,54.6,63.3,69.9,67.7,56.6,40.9,31.6,14.5
"1050021933",1933,105,21.3,14.6,32.3,40.4,51,68.8,71.9,66.1,59.6,45.7,34,22
"1050021934",1934,105,25,27.1,32.8,45.8,62.1,63.8,72.2,68,52.5,49.2,35.6,20.6
"1050021935",1935,105,16.7,27.8,30.8,38.2,47.9,60.1,72.6,67.1,58.2,43.9,25.3,21.5
"1050021936",1936,105,10,-0.7,30.2,39.8,59,66,77,69.9,59,44.5,30.3,21.2
"1050021937",1937,105,-0.3,15.8,28.4,41.2,55.6,61.5,71,70.7,59.4,46.2,29.4,19.6
"1050021938",1938,105,20,18,33.9,43.2,51.2,63.4,69.2,68.6,61.6,49.8,27,23.4
"1050021939",1939,105,23.7,11.1,31,44,58,59.8,71.9,67.1,59.7,45,35.7,29.6
"1050021940",1940,105,9.2,21.3,31.3,40.6,54.8,63.9,71.8,67.8,62.1,50.2,24.8,24.6
"1050021941",1941,105,19.6,22.3,30.2,43.5,57,62.1,70,67.8,54.7,44.2,33.4,24.8
"1050021942",1942,105,19,17.8,30.6,46,49.6,59.1,68.4,66.6,55,46.1,30.6,20.8
"1050021943",1943,105,10.6,24.9,23.2,47.2,49.5,59.5,69.6,68.4,56.6,47.4,31.8,24.2
"1050021944",1944,105,22.7,19.2,23.1,40.9,55.9,59.8,66.6,65.4,56.8,48.5,29.5,19.5
"1050021945",1945,105,20.3,22.1,34,38.2,49.6,56,68.2,67.1,54.4,47,28.7,15.6
"1050021946",1946,105,21,23.2,37.8,48.5,49.5,61.9,70,65.4,56.1,40.8,27.9,22.8
"1050021947",1947,105,20.4,18.1,26.9,41,51.5,57.9,69.7,69.7,57.6,50.8,25.2,21.8
"1050021948",1948,105,18.1,16.7,24.5,44.2,53.9,61.5,67.8,67.6,61,45.7,29.6,15.8
"1050021949",1949,105,4.8,12.7,28.1,46.6,55.4,61.9,69,68.9,55.6,42.5,39.5,17.4
"1050021950",1950,105,3.5,21.8,25,37.2,48.5,60.3,64.7,63.6,55.6,48.2,27.6,22.2
"1050021951",1951,105,13.7,22,20.7,38.9,53.5,55.8,67.3,64.4,52.7,42.3,27.4,13.1
"1050021952",1952,105,13.5,22.6,23,45.8,53.5,64.3,67.4,66.7,60.3,45.2,28.5,22.6
"1050021953",1953,105,24.9,24.2,32.4,37.1,49.5,62.4,69,67.7,58.6,50,36,24.3
"1050021954",1954,105,13.4,34.1,25.3,42,50.8,60.3,71.6,66.2,57.4,43.8,37.6,25.3
"1050021955",1955,105,17.8,15.3,24.3,44.6,54.2,59.6,70.4,70,57,47.3,20.9,15.7
"1050021956",1956,105,15.7,16.2,29,38.4,54,66.5,67.4,65.3,57.3,48,30.2,24.5
"1050021957",1957,105,7.9,22.5,30.3,39.7,52.6,60.3,70.7,67.1,55.3,43.5,29.7,28.4
"1050021958",1958,105,24,20.8,26.6,41.4,57.9,59.7,64.5,69,58.2,47.2,30.9,21.1
"1050021959",1959,105,15.1,15.3,32.8,41.6,50.4,64.9,68.5,68.4,55.1,41.4,25.1,27.3
"1050021960",1960,105,15.6,16,24.8,42.7,52.6,61.3,70.9,66.6,58.6,46.6,31,20.5
"1050021961",1961,105,20.9,27.4,34.4,38.8,52.1,66,69,70.4,51.7,44.8,28.6,16
"1050021962",1962,105,13.5,19.1,24.9,44.5,53.6,61.4,65.5,66,55.6,48.3,35.7,24.8
"1050021963",1963,105,8.4,26.4,35,42.5,53.2,63.5,69.8,67.9,61.4,53.1,34.3,17.2
"1050021964",1964,105,21.4,23.4,25,42.3,54.5,60.8,71.2,64,54.6,46.6,29.1,14
"1050021965",1965,105,17.6,19,18.6,42.8,51.8,60.5,67.8,65.4,46.8,49.2,32.6,25.3
"1050021966",1966,105,10.4,17.4,33.3,38.3,53.8,61.5,71.9,64.3,58.9,45,29,21.1
"1050021967",1967,105,21,21.9,31.1,40.1,49,59.2,67.8,67,59.2,45.8,30.7,17.8
"1050021968",1968,105,16.2,22.9,36.6,40.3,49,61,67.6,64.1,56.1,45.9,30.9,14.7
"1050021969",1969,105,8.8,19.1,23.2,46.1,54.9,57.4,67.6,69.9,59.8,38.5,33.5,23
"1050021970",1970,105,13.6,25.4,25.4,37.7,53.4,64,69.8,69.3,55.1,41.8,29.4,18.1
"1050021971",1971,105,13.9,20.5,28.9,42.6,51.8,63.2,65.6,70.3,54.6,43.9,31,16.8
"1050021972",1972,105,11.9,19.5,33.6,41.2,53.3,63.3,64.7,67.1,54.6,42.4,28.8,13.5
"1050021973",1973,105,18.1,23.4,34.7,39.6,52,62.5,67.8,69.4,54.7,47.8,27.8,21.1
"1050021974",1974,105,14.7,25.5,31.9,43.6,50.7,63.4,71.6,63,54,47.6,32.4,23.6
"1050021975",1975,105,18.8,16.2,25.9,36,51.3,59.8,71,65.4,55,45.7,29.9,23.3
"1050021976",1976,105,18.6,28.5,29,44.7,53.8,61.7,69.9,67.7,58.7,42,28.7,22.1
"1050021977",1977,105,10.6,28.6,32.4,47.2,56.9,65.5,69.3,63.1,56.9,46,29.1,17.6
"1050021978",1978,105,8.5,14.1,30.9,42.9,52.4,62.1,67.4,65.5,59.5,46.3,25.1,12.6
"1050021979",1979,105,2.6,12.7,29.7,39.6,50.2,62.1,68.4,66,60.7,46.9,27.2,27.5
"1050021980",1980,105,14.6,21.6,28.1,46,55.3,63.4,70.4,64.7,57.6,44.9,34.6,24.8
"1050021981",1981,105,26.1,25.8,36.3,47.4,52.1,61.2,68.8,67.6,58.9,43.8,36.2,21.2
"1050021982",1982,105,8.1,19,29.6,39,51.4,58.9,68,67.8,55.7,44.1,27.4,22.8
"1050021983",1983,105,25.3,29.2,32.6,38.4,49.4,60.6,69.8,72.6,56.8,46.3,31.6,4.2
"1050021984",1984,105,20,28.9,29.8,40.9,51.9,61.5,69.4,70,52.6,42.1,31.4,15.4
"1050021985",1985,105,14,17.3,32.7,46.7,57,60.2,70.4,63.8,52.2,43.6,17,15.9
"1050021986",1986,105,25.8,20,39.4,42.7,53,65.8,67.3,66.1,53.2,45.8,27.8,24.9
"1050021987",1987,105,23.6,29.9,32,48.9,57.5,65.1,68.8,63.6,57.9,44.3,35.1,24
"1050021988",1988,105,15.1,21.6,32.9,44.7,57,70.9,70.8,68.4,56.5,46.6,31.4,23
"1050021989",1989,105,22,10.5,28.4,43.8,53.4,61.1,71.6,66.9,56.8,45.6,32.4,16.8
"1050021990",1990,105,26.2,23.9,34.3,43.5,51,63.2,67.8,68.2,62,44.7,34.3,14.1
"1050021991",1991,105,15,31.8,33.7,43.3,53.7,63.6,68.8,69.8,57.7,42.9,26.6,25.9
"1050021992",1992,105,26.2,31.3,38,44.3,55.8,61.6,62.4,63.2,56.4,46.2,28.7,16.2
"1050021993",1993,105,13.2,14.9,32.9,41.8,54.3,58.4,62.1,63.7,53.2,43.9,26.4,24.3
"1050021994",1994,105,16.4,14.8,35.7,43.5,56.7,63.7,67,67.6,60.1,45.6,30.3,24
"1050021995",1995,105,20.4,26.8,30.8,38.7,49.4,61.3,67.4,69,56.6,43.5,30.8,21.6
"1050021996",1996,105,12.1,23.2,25,41.6,49.6,63.8,67.7,68,55.4,44.3,23.9,15.5
"1050021997",1997,105,13.9,23.8,32,37.3,51.8,64.1,67.8,66.7,60,46,30,25.6
"1050021998",1998,105,19.8,30.3,27.8,44.4,55.4,57.7,70.8,69.4,63.4,46.1,34.2,22.7
"1050021999",1999,105,20.4,30.2,35.4,41.6,51.9,60.7,68.7,67.9,54.1,46.2,40.3,28.3
"1050022000",2000,105,22,28.6,36.7,44,54.8,61,70.4,69.8,57.7,46.4,23,14.1
"1050022001",2001,105,22.9,15.8,32.2,43.7,55.1,62.3,70.8,70.4,59.9,44.9,38,23.2
"1050022002",2002,105,22.7,26.7,22.4,41.4,49.9,64.9,72.7,65.7,58.7,38.2,32.9,26.4
"1050022003",2003,105,22.9,19.4,31.1,45.6,52.5,60.6,71.9,71.6,56.6,49.3,25.8,25.5
"1050022004",2004,105,16.9,22.9,37.3,45.3,51.9,59.1,67.6,63.5,58.3,45.8,34.3,26.4
"1050022005",2005,105,18.3,28.1,34.2,44.9,51.4,62.4,70.5,66.6,59.7,46.9,34.8,20.8
"1050022006",2006,105,30.7,22.5,31.4,47.4,55.2,65.2,73.5,68.1,55.3,42.3,32,25.5
"1050022007",2007,105,19.2,19.5,39,42,55.4,64.1,73.7,68.5,58.5,47.2,33.4,19.3
"1050022008",2008,105,16.7,21.5,31.1,39.5,50.9,60.2,69.4,67.7,56.4,45.3,35,14.9
"1050022009",2009,105,19.2,24.3,29.4,40.9,52.9,59.7,65.8,64.9,61,37.8,37,13.2
"1050022010",2010,105,18.6,18.7,35.7,44.8,49.7,61.7,68.2,68,57,49.3,29.7,19.6
"1050022011",2011,105,16.7,17.1,29.1,40.3,49.5,60.6,70.8,68.9,58.6,48,31.9,25.2
"1050022012",2012,105,25.2,24.8,42.7,47.2,54,65.4,73.9,68.5,59.8,43.1,33.9,21.4
"1050022013",2013,105,20.1,24.5,29.1,36.5,53.6,62.7,69.3,69.2,61.6,42.5,31.2,15.7
"1050022014",2014,105,21,15.3,30,41.9,53.2,60.6,68.1,66.6,57.8,48.8,26.2,24.3
"1050022015",2015,105,23.7,23.1,38.6,44.8,51.3,65.4,68.4,67.4,61.7,49.8,32.9,23.9
"1050022016",2016,105,21.8,31.5,38.2,44.9,53.1,66.4,69.1,67,58.4,48.1,40,15.9
"1050022017",2017,105,16.7,27.5,36.1,43.7,53.4,64,72.7,65.9,58.1,44.9,33.1,21.9
"1050022018",2018,105,20.6,13.9,30.6,37.9,58.2,64.5,69.3,66.7,57.6,42.3,29.2,24.2
"1050022019",2019,105,21.1,8.6,25.9,43.3,48.7,61.9,68.6,66.6,59.4,37.7,30.3,24.1
"1050022020",2020,105,22,23.6,34,39.9,52.4,64.7,69.4,69.7,58.2,41,35.3,27.3
"1050022021",2021,105,25.6,13.6,36.9,41.6,51.8,68.2,73.1,68.1,61.5,47.8,37.2,23.2
"1050022022",2022,105,20.6,20.6,33,37.8,51.6,63.1,71.4,70.6,62.4,47.6,26.3,15.9
"1050022023",2023,105,20.6,21.7,23.8,39.8,57.9,64.1,68.6,68.5,61.3,45,35.2,30.4
"1050022024",2024,105,17.9,30.4,32.5,44.8,52.2,63.5,70.3,67.9,63.8,-99.9,-99.9,-99.9
"1060021895",1895,106,39.2,34.8,53.1,63.4,69.2,77,79.3,80,76.5,58.9,48.2,42.4
"1060021896",1896,106,42,46.2,50.1,66.2,75.2,79.5,81.8,82.1,73.4,61.2,50.8,45.9
"1060021897",1897,106,38.1,47.1,55.8,61.8,69.4,78.7,82.5,79.3,74.8,66.5,52.2,40.9
"1060021898",1898,106,44.4,47.6,53.6,60.3,71,78.4,80.2,79.6,74.5,61.1,47.5,38.4
"1060021899",1899,106,40,34.3,52.4,60.8,73.7,78.1,80.3,83.3,73.6,65.8,53.7,41.8
"1060021900",1900,106,43.8,42.1,52.5,62,70.3,78.9,80.2,81,77.1,66,52.3,43.9
"1060021901",1901,106,44.3,41.7,52,59.6,69.8,80.4,84.2,81.9,73.9,65.2,52.3,41.2
"1060021902",1902,106,40.5,41,53.9,63.8,73.7,79.3,80.3,82.4,71.3,63.8,55.4,41.6
"1060021903",1903,106,41.6,40.6,52.5,61.5,68.1,72,80.6,79.8,72.2,62,50,42.4
"1060021904",1904,106,40,48.1,57.8,60.7,69.1,76.3,79,78.8,75.1,64.1,51.7,42.7
"1060021905",1905,106,36.3,33.8,57.1,60.7,71.4,78.7,78.4,81,75.8,61.9,53.9,39.2
"1060021906",1906,106,43.2,43.9,47.2,63.4,70.3,77.7,78,78.6,75,59.1,50.6,48.2
"1060021907",1907,106,48.5,47.8,62.1,58.5,65.4,76.7,80.7,81.7,75.3,63.4,48.9,44.9
"1060021908",1908,106,43.9,46,59,63.7,70.3,78,79,79.4,73.6,60.6,52.6,46.4
"1060021909",1909,106,45.2,48,53.5,61.6,69.1,78.1,82.5,81.9,74.3,63.5,57.8,36.2
"1060021910",1910,106,43,41.3,60.3,62,68.2,77.2,81.9,81.2,77,64,53,43.3
"1060021911",1911,106,48.1,49.2,57.2,62.2,71,82.1,80.2,80.4,79.4,63.4,47.7,41.5
"1060021912",1912,106,35.8,41.1,46.4,61.9,71.6,74.9,82.2,80.6,74,64.5,50.8,41.8
"1060021913",1913,106,42.7,40.8,49.8,61.5,70.9,76.6,82.1,82.5,71.3,60.3,56.9,42.5
"1060021914",1914,106,47,42,50.8,61.3,69.2,80.4,82.6,79.3,74.9,63.4,53.2,36.5
"1060021915",1915,106,39.8,47.3,43.1,63.1,69.2,77.3,79.7,76.5,74.7,64.1,54.9,45.3
"1060021916",1916,106,43.5,45.8,56.8,59.7,71.3,77.9,81.9,80.9,73.1,63.5,51,42.7
"1060021917",1917,106,43.8,45.8,53.4,60.8,65.2,77.9,82.6,79.5,73.4,59.1,52.6,38.6
"1060021918",1918,106,32.7,47.7,58.1,59.7,72.1,81.2,81.9,82.7,69.8,65.7,49.4,44.8
"1060021919",1919,106,39.9,44.3,52.9,61.6,67.9,75.3,80.4,80.9,74.6,65.7,51,41.4
"1060021920",1920,106,40.5,46.8,52.2,59.7,71,76.2,80.7,77,75.6,64.5,48.2,43.7
"1060021921",1921,106,47.3,48.3,59.3,60.6,70.6,77.6,81.2,81.9,78.5,64.3,55.1,47.5
"1060021922",1922,106,39.6,48,52.2,63.2,71.2,78,81.1,82,76.3,63.9,53.4,47.9
"1060021923",1923,106,49.4,43.2,49.8,61.8,69.3,77.9,81.2,81.4,74.5,60,50.4,46.4
"1060021924",1924,106,37.3,44.4,47,61.6,66.2,80,80.3,83,71.9,65,54.7,40.4
"1060021925",1925,106,39.4,50.7,57.2,67.3,69.8,81.5,83.1,80.2,77.4,59.7,50.3,40.8
"1060021926",1926,106,40.2,50.2,49.6,57.9,69.8,77.4,80,80.7,76.2,66.4,48.8,43.9
"1060021927",1927,106,44.2,51.4,53.1,65.4,73.5,77.1,80.7,79.1,75.3,65.9,57.5,39.9
"1060021928",1928,106,43.3,45.8,55.2,58.6,70.2,76.2,81.2,80.8,72.4,66.6,50.3,43.6
"1060021929",1929,106,41.2,37.8,55.5,64.9,68.7,77.9,80.9,81.7,73.7,63.7,45.5,44.2
"1060021930",1930,106,33.2,52.9,50.3,66,69.6,77.2,83.1,81.9,76.3,61.7,51.3,41.1
"1060021931",1931,106,43.2,49,47.8,58.6,66.4,79.2,81.7,78.5,79.4,68.2,56,46.6
"1060021932",1932,106,43.7,52.7,48.2,63.8,70,78.5,82.8,81.4,72.8,61.2,48,39.6
"1060021933",1933,106,48.4,43.2,54.8,62,72.4,79.5,82.5,80.1,78.6,65.4,54.2,50.3
"1060021934",1934,106,45,45.4,51.7,63.8,72.1,82,85.1,84.1,73.1,67.9,55.1,44.1
"1060021935",1935,106,45.8,47,59,62,67.8,76.2,82.5,82.4,72.1,64.9,50,41.3
"1060021936",1936,106,39.1,39.1,57,61.2,71.4,80.4,82.9,83.9,76.4,61,49.1,45.9
"1060021937",1937,106,40.1,45.1,48.8,62.3,72,79,82.3,83.4,74.9,63.2,49,42.7
"1060021938",1938,106,44.3,50.2,59.6,61.5,70.6,78,81.7,82.6,75.3,67.3,50.3,44.5
"1060021939",1939,106,45.9,43.6,55.6,61.9,72.1,79.4,83.2,80.6,78.2,66,49.7,47.1
"1060021940",1940,106,30.3,44.1,54.1,61.5,69.3,76.1,80.8,79,73.2,65.9,49.6,46.5
"1060021941",1941,106,44.3,43.5,48.1,62.5,71.4,76,80.7,80.8,75.4,67.2,50.9,45.9
"1060021942",1942,106,39.8,43.2,52.2,63,69.4,78,80.8,79.5,71.4,63.2,54.9,44.6
"1060021943",1943,106,42.2,49.3,49.5,65,70.6,79.5,82.4,84.5,72.6,61.5,50,41.2
"1060021944",1944,106,42.1,48.9,51.6,60.4,70.3,79.5,81.6,81.3,73.6,63.8,53,40.5
"1060021945",1945,106,42.3,47,58.4,61.2,69.2,76.7,79.6,80.4,75.1,62.2,54.8,40.2
"1060021946",1946,106,41.8,48.7,57.4,66.2,68.7,77.3,82.2,80.8,73.6,65,52.9,48.1
"1060021947",1947,106,41.6,40.2,47.7,61.6,69,78.1,80.5,82.7,76.7,69.9,48.6,44.2
"1060021948",1948,106,36.2,43.2,50.2,66.9,71.4,79.4,81.7,80.8,74,62.4,50.7,46.5
"1060021949",1949,106,38.3,46.2,52.6,60,72,78.4,81.7,78.8,72.3,63.9,54.3,45.6
"1060021950",1950,106,47.4,49.6,51.6,60.6,71.2,77.8,78.4,77.8,72.5,67.5,50.1,42.6
"1060021951",1951,106,42.1,46.2,52.3,60.2,70.4,77.2,82.3,83.2,74.1,64.8,47.8,45.4
"1060021952",1952,106,48.7,49.3,50.6,59.5,69.9,81.8,81.9,83.5,74,59.6,49.9,42.5
"1060021953",1953,106,47.2,46.8,57.7,60.4,70.8,83.9,81.7,80.1,75.2,65.2,51.1,41.7
"1060021954",1954,106,43.4,52.7,51.8,66.9,66.7,79.8,85.2,83.8,78.2,65.5,52.4,45.7
"1060021955",1955,106,42.2,44.4,54.4,66.1,72.6,75.6,82.1,80.7,76.2,63.8,50.3,43.8
"1060021956",1956,106,41.3,46.2,53.7,61,74,79.8,82.7,82.4,75.8,67.2,50,47.6
"1060021957",1957,106,41.6,51.7,51.6,60.7,69.3,77,83.1,81.2,71.9,60.3,49.4,47.6
"1060021958",1958,106,40.6,40.5,45.7,60.3,71,78.9,81.2,80.7,74.8,62.5,53.2,41.2
"1060021959",1959,106,39,45,51.9,60.6,72.4,78,79.2,81,75,62.5,46.8,45.8
"1060021960",1960,106,40.4,39.6,45.1,64.1,68.9,78.7,80.6,80.2,74.9,65.5,53,40.2
"1060021961",1961,106,38.5,47.1,54.9,60,69.8,75.6,79,78.1,72.6,63.2,49.3,42.3
"1060021962",1962,106,36.8,51.1,49.6,61.2,74.5,76.7,81.6,82,73.9,66.7,51.6,43.5
"1060021963",1963,106,34.9,43.8,56.5,66.6,72.2,79.1,82.4,81.8,75.3,69.2,53.8,36.4
"1060021964",1964,106,42,41.3,51.7,64.6,72.5,78,83.1,81.1,73.9,61.4,54.3,43.6
"1060021965",1965,106,45.1,43.1,45.6,65.9,71.7,77.1,81.8,79.6,74.1,62.6,57.4,47.4
"1060021966",1966,106,36.8,42,54,61.6,69.7,76.8,83.5,77.8,72.2,61.1,55.1,42.1
"1060021967",1967,106,43.1,44.2,58.4,67.3,68.8,78,79.1,77.6,70.4,62.6,51.4,43.3
"1060021968",1968,106,40.7,41.2,51.8,61.7,68.6,77.5,79.3,79.8,71.4,64.4,49.7,41.7
"1060021969",1969,106,43.4,45.4,45.6,63.1,69.8,77,83.8,80.8,73.8,61.8,50.7,44.4
"1060021970",1970,106,37.4,45.8,48.7,62.9,70.3,76.6,80.8,81.5,74.8,60.3,49.5,48.5
"1060021971",1971,106,43.1,44.6,52,61.7,68.9,79.3,80.5,77,73.6,65.6,52.4,47.9
"1060021972",1972,106,42.8,46.6,57,64.8,69.2,77.9,79,79,75.9,63,46.3,40.4
"1060021973",1973,106,38.3,43.5,55.7,58.2,68.4,76.9,80.4,79.1,73.3,65.9,56.2,43.7
"1060021974",1974,106,41.8,47.6,58.7,63,73.2,76,82,77.9,67.7,63.1,51.3,43.1
"1060021975",1975,106,44.6,43.9,51,60.9,70.3,76.9,79.2,79.7,70.1,64.1,52.5,44.5
"1060021976",1976,106,41.2,53.2,55.4,62.9,65.9,76,78.6,79.2,72.4,56.6,45.1,41.5
"1060021977",1977,106,33.4,47,54.9,63,72.3,79.6,82.5,80.9,77.3,63.9,53.6,44.7
"1060021978",1978,106,33.1,35.5,51.2,64.6,70.6,78.5,83.7,80.3,75.4,63.1,53.8,42.3
"1060021979",1979,106,31.8,40.1,53.8,61.8,67.9,76.1,80.7,78.8,72.8,65.8,48.5,44.6
"1060021980",1980,106,42.8,42.6,50.9,60,69.9,80.8,85.8,83,76.8,61.4,50.4,45.4
"1060021981",1981,106,41.8,46.4,52.9,66.9,68,78.8,82,79.2,73.2,63,54.4,43.9
"1060021982",1982,106,40.6,42.2,55.5,60.4,70.2,75.7,81.5,81.6,74.2,63.1,51.8,45.9
"1060021983",1983,106,40.8,45.3,51.6,57,67.8,75,81.7,83.1,74.8,64.7,53.8,33.4
"1060021984",1984,106,37.7,47.8,52.2,60.5,70.3,78.5,80.6,80.5,72.1,64,51.6,49.5
"1060021985",1985,106,35.8,41.4,56.7,64.3,71.3,76.9,80.5,81,73.7,64.2,53.6,39.7
"1060021986",1986,106,45.4,49.1,56.7,64.9,70.5,78.1,82.8,79.1,75.9,62.6,51,43.1
"1060021987",1987,106,41.1,48,51.7,60.7,71.9,76.9,80.1,81.2,72.9,61.4,52.9,44.7
"1060021988",1988,106,37.8,44.2,52.8,61.3,69.8,77.9,80.5,81.4,74.1,62.1,54.7,45.5
"1060021989",1989,106,46.9,40.5,54.1,63.6,71.5,75.4,79.9,79.1,71,64.2,53.8,35.9
"1060021990",1990,106,47.2,49.9,54.7,61.5,69.4,81.1,79.6,80,75.7,62.1,55.9,42.6
"1060021991",1991,106,39.5,49.7,56.1,64.4,72.9,78.5,81,79.5,71.9,64.6,47.7,46.7
"1060021992",1992,106,43.2,50.5,55.8,62,68,75.5,80.1,76.1,73.6,64.2,48.9,44.4
"1060021993",1993,106,41.2,44.1,51.8,59.2,68.4,77.3,82.3,81.7,72.4,61.5,48.1,45.5
"1060021994",1994,106,41.4,44.7,55.2,62.7,69.3,80.4,80.5,79.6,72.6,64.4,54.9,47
"1060021995",1995,106,43.8,48.9,54,60.9,69.1,75.6,81.5,82.1,73,63.6,51.8,44.3
"1060021996",1996,106,41.2,48.1,49.1,61.2,74.8,78.8,81.5,78.7,71.7,63.3,51.3,46
"1060021997",1997,106,41.3,46.4,56.7,57.2,68,76.1,81.7,79.6,75.7,63.5,49.4,42.2
"1060021998",1998,106,46.2,48.3,51.2,60.4,74.5,81.3,84.7,81.6,78.7,66,55.8,45.5
"1060021999",1999,106,45.8,52.8,53.3,64.2,70.2,77.2,81.7,82.8,73.1,63.5,57.2,45.8
"1060022000",2000,106,45.9,52.5,57.5,62.2,73.8,76.8,82.4,84,76.1,65.2,48.1,37.1
"1060022001",2001,106,40.3,47.3,50.2,65.7,71.6,78.1,84,81.7,72.9,62.4,56.8,46.9
"1060022002",2002,106,45,44.4,51.4,65.6,70.4,78.9,81,81.4,75.2,61.9,50.4,44.8
"1060022003",2003,106,41.5,43.9,53.8,63.7,72.3,76.1,81.7,82.1,71.8,64.9,54.8,45.2
"1060022004",2004,106,44,43.4,58.5,62,72,76.8,79.3,77.3,74.3,67.2,54,44.6
"1060022005",2005,106,46,49.1,53.4,62,69.6,78.8,81.3,81,78,64.1,55.7,43
"1060022006",2006,106,50,45.6,56.9,67.9,72.6,79,82.7,82.7,71.7,63.5,54.1,45.7
"1060022007",2007,106,40,44.3,59.9,59.1,70.5,76.9,78.8,82.4,75.6,66.1,54.3,45.2
"1060022008",2008,106,42.1,47.7,54.6,61.5,71,80.1,81.2,79.3,71.9,62.6,53,44
"1060022009",2009,106,43.3,51,55.7,61.6,70.4,79.9,81.3,80.3,72.5,60.2,55,39.7
"1060022010",2010,106,39.8,40,52,63.6,71.5,81.6,81.5,83.6,76.2,64.9,53.6,43.9
"1060022011",2011,106,40.4,44.8,56.9,66.2,70.6,83,86.1,86,74,63.7,53.9,43.8
"1060022012",2012,106,47.3,48.6,62.1,66.9,74,80.3,83.7,81.6,74.7,62.4,54.7,47.5
"1060022013",2013,106,44.6,46.9,51.8,59.5,69.6,79.6,79.9,81,76.8,63.8,49.9,41.5
"1060022014",2014,106,39.8,42.9,50.7,62.2,70.1,78.6,79.2,81,74.6,66.6,48,46.8
"1060022015",2015,106,41.2,42.7,54,64.4,69.6,78.7,82.4,80.8,77.4,66.3,55.3,49.5
"1060022016",2016,106,42.6,50.6,58.3,63.8,69.1,79.6,83.6,80.7,76.5,68.6,58.1,45.1
"1060022017",2017,106,47.1,54.8,59.6,64.7,69.4,78.4,82.4,78.7,74.8,64.5,56.4,44.5
"1060022018",2018,106,39.9,48.4,57.2,58.6,76.2,81.9,82.8,80.9,75.5,63.4,48.6,45.4
"1060022019",2019,106,43.3,47.1,51.8,62.5,70.3,77.4,81.3,83.1,80.2,62.2,49.7,47.5
"1060022020",2020,106,46.8,46.4,59.8,61.7,70.6,79.3,83.2,81.5,72.7,62.6,57.2,45.2
"1060022021",2021,106,44.1,39,57,60.7,69,78.8,80.2,81.3,76.6,67.2,53.8,55.1
"1060022022",2022,106,41.8,43.2,54,64.4,74.1,81.2,85.3,81.9,76.1,63.8,51.3,45.7
"1060022023",2023,106,47.7,49.1,56,62,71.7,79.6,83.7,85,78.7,65.7,53.7,48.5
"1060022024",2024,106,39.6,53.1,57.2,65.2,74,81.1,81.6,83.4,75.8,-99.9,-99.9,-99.9
"1070021895",1895,107,30.3,30.3,40.8,51,58.4,65.1,70.4,70.6,64.1,51.9,36.9,28.4
"1070021896",1896,107,34.8,35.3,41.8,49.3,59.2,71,72.2,71,63.4,51.9,38.7,35.4
"1070021897",1897,107,30,33.2,37.6,49.8,61.6,66.9,71.3,71,65,51.6,42.2,28.9
"1070021898",1898,107,26.2,37,38.6,52.6,56.7,68.1,73.2,72.3,63.4,51,38.2,26.2
"1070021899",1899,107,29.5,30.4,41.3,50.6,56.3,67.4,72.6,69.8,65.8,51,43,31.7
"1070021900",1900,107,36.1,35.5,45.5,46.5,60.1,69.9,73.3,69.8,61.5,53,42.7,33.9
"1070021901",1901,107,32.9,35.1,40.2,48,59.7,66.6,75.2,72.6,63.1,54.2,44,33.4
"1070021902",1902,107,32.6,37.3,38.2,51.8,59.2,69.7,70.2,71,62.9,53.9,40.6,31.9
"1070021903",1903,107,32.2,26,40,48.9,56.5,65.6,72.3,71.9,62,52.4,42.7,32.1
"1070021904",1904,107,28.7,39.8,44.6,50.7,58.7,66,71,70.2,63.6,51.9,41.7,32.6
"1070021905",1905,107,32.3,32.4,44,48.1,55.6,67.4,70.9,71.7,64.4,50.4,41.2,27.9
"1070021906",1906,107,31,37.3,39.9,49.3,57.7,66.2,71.1,69.1,62.5,51.1,39.2,37.3
"1070021907",1907,107,34.2,41.8,45.6,50.3,54,63.2,71.9,69.9,63.4,54.1,39.6,34.3
"1070021908",1908,107,32.8,35.2,44.2,50.4,54.7,65.1,71.7,69.6,63.1,48.8,39.4,31.5
"1070021909",1909,107,36.4,34.5,38.9,47.7,55.4,68.1,73.2,71.1,62.4,53.3,42.1,24.5
"1070021910",1910,107,31.3,32.9,48.4,52,59.9,69.2,73.9,71.6,66.2,53.4,44.3,35.3
"1070021911",1911,107,37.2,34,45.3,49.7,58.4,67.8,70.6,70.8,65.6,50.6,37.4,26.9
"1070021912",1912,107,31.2,34.7,38.9,45.7,57,66.2,70.3,69.4,58.7,50.2,40.4,28
"1070021913",1913,107,27,31.5,38.1,49.3,59.1,65.7,71.4,71.5,61.1,50.4,43.6,28
"1070021914",1914,107,34.5,34,42.6,50.6,59.1,67.3,70.9,70.8,64.8,52.9,43.6,28.3
"1070021915",1915,107,28.1,35.1,38.8,51.1,54.8,65.3,71,69.7,62.4,53.5,41.4,33.1
"1070021916",1916,107,30.9,38.2,45.7,49.9,56.9,67.1,72.3,69.1,62.3,50.8,38.3,29.3
"1070021917",1917,107,27.2,33.7,36.3,46.4,52.3,66.7,74.3,70,64.2,53,44.1,37.8
"1070021918",1918,107,28.8,36.3,44.8,47.5,56.8,71.8,71.9,69.7,63.3,54.4,37.4,29.3
"1070021919",1919,107,26.6,31.3,39.5,50.8,59.6,67.3,72.8,72,64.7,48.8,38.8,31.5
"1070021920",1920,107,32.5,37.7,39.3,44,58.2,66.1,72.6,68.7,62.6,50.7,39.7,30.8
"1070021921",1921,107,34.1,37.2,45.4,46.9,57.6,67.3,72.1,69.9,64.4,55.9,43.2,37.3
"1070021922",1922,107,27.4,33.7,38.6,46.1,58.2,69.5,73.3,72.4,66.3,53.4,38.2,35.9
"1070021923",1923,107,36.4,32.1,37.4,48.3,59,65.7,73.1,69.1,61.4,48.9,40.7,31
"1070021924",1924,107,27.6,38.2,35.6,47.7,58.3,69.8,72,71.4,63.3,52.3,41.8,27.1
"1070021925",1925,107,26.8,38.5,44.3,52.1,61.5,67.3,73.7,69,62.9,50.7,39,32.7
"1070021926",1926,107,29,38.8,41.6,50,58.3,68.6,71.5,71.3,64.3,54.7,42.5,30.5
"1070021927",1927,107,35.2,38.7,40.6,50.1,59.7,66.9,72.8,69,62.8,53.6,45,28.7
"1070021928",1928,107,33.7,35,44.3,47.8,60,66.3,72.7,69.6,64.1,53.9,39.8,30.2
"1070021929",1929,107,29.4,28.9,40.3,47.8,57.8,67.5,73.1,71.1,62.7,53,36,35.5
"1070021930",1930,107,25.7,39.9,40.1,54.2,55.2,68.4,72.6,70.8,63.2,51.3,38,28.2
"1070021931",1931,107,30.6,37.7,39.8,50.3,57.8,69.5,74.8,70.8,66,54.6,37.6,28.2
"1070021932",1932,107,25.6,37.3,39.2,50.1,58.4,66.2,73.1,71.5,63.8,51.2,42.2,25.8
"1070021933",1933,107,28.8,27.1,42.5,45.7,54.6,69.6,74.8,71.1,67.3,56.2,43,37.5
"1070021934",1934,107,34.6,40.8,47.1,53.8,64.1,67.5,75.7,73.1,63.3,55.9,42.7,34.5
"1070021935",1935,107,35.2,37.1,41.4,49.6,54.5,68.5,73.6,71.7,64.1,52.9,39,33
"1070021936",1936,107,31.7,34.8,42.8,51.7,61.3,70.8,74.2,72.2,63.2,52.1,40.1,33.6
"1070021937",1937,107,20.5,33.2,39.4,49.1,60.7,67,73.7,73.5,66.2,54.7,42.4,35.1
"1070021938",1938,107,33.9,36.6,41.9,50,57.5,68.3,71.7,72.1,65.2,54.2,35.9,34.4
"1070021939",1939,107,31.8,26.4,42.1,51.8,60.4,68.1,73.9,71.5,65.2,52.2,42.4,37.7
"1070021940",1940,107,30.8,35.9,44.1,50.4,61.3,69.8,74.2,71.6,64.9,54.6,38.2,35.4
"1070021941",1941,107,32.7,38.2,40.7,45.9,59.3,64.5,71.3,69.7,61.6,51.1,41.6,34.6
"1070021942",1942,107,30.9,30.6,38.1,50,57,67,73.7,70.7,63.3,52.9,43.5,36
"1070021943",1943,107,33.8,38.8,41.7,54.4,58.6,66.7,73.4,72.5,65,53.2,41,32.4
"1070021944",1944,107,28.9,33.6,38.3,46,57.9,65.3,71.8,71.7,64.3,55,39.7,32.8
"1070021945",1945,107,33,37.6,39.9,46.1,59,64,72.9,71.9,63.9,54.4,40.7,30.3
"1070021946",1946,107,29.9,35.1,43.4,54.9,57,69.5,73.5,71.5,65,50.4,37.9,37.2
"1070021947",1947,107,29.2,37.5,42,48.9,60.8,65.6,73.7,71,66.7,55.5,36,31.1
"1070021948",1948,107,30.9,32.5,35.2,51.6,59.4,67.3,72.9,71.4,66.1,53.2,36.3,32.9
"1070021949",1949,107,22.6,30.1,41.3,51,58.4,66.6,72.6,70.4,65.4,50.6,46.2,31.6
"1070021950",1950,107,31.5,38.4,41.8,51.4,56.7,67.4,70.8,69.5,62.3,58.8,43.3,37.8
"1070021951",1951,107,31.5,35.9,39.9,48.7,58.8,65.2,74.7,70.9,64.6,52.7,38.3,31
"1070021952",1952,107,32.4,33.5,35.7,49.6,59.5,69,72.4,72.5,65.5,55.9,36.1,31.3
"1070021953",1953,107,37.9,34.5,43.4,47.9,54.2,69.4,74.4,70.7,65.8,53.6,42.9,30.2
"1070021954",1954,107,34.8,41.8,39.9,54.4,60.2,68,75,70.5,66.1,55.1,44.2,33
"1070021955",1955,107,28.4,29,40.2,48.2,57.6,65.8,72,71.6,65.2,55.3,39.8,36.8
"1070021956",1956,107,37.1,30.5,42.3,48.6,61.1,71.1,72.4,69.5,66.9,54.3,36.8,32.8
"1070021957",1957,107,32.3,41.5,42.1,47.4,55.2,67.9,73.4,70.9,63,51.9,36.4,36
"1070021958",1958,107,32,39.1,36.8,47.1,62.1,69.8,72.7,73,64.7,54,41.1,37.3
"1070021959",1959,107,33.5,34.8,41,50.9,58.1,70.6,73.8,71,63.1,52.4,40.2,34.7
"1070021960",1960,107,28,30.1,42.9,51.2,58.2,69.9,73.4,72,66.2,52.5,42.1,30.7
"1070021961",1961,107,31.9,37.4,41.6,49.1,59,70.1,73.3,71.3,60.4,52,37.8,30.2
"1070021962",1962,107,28.1,37.6,36.9,53.1,58.4,66.5,71.8,72,64.9,54.9,44.3,35.3
"1070021963",1963,107,26.4,39.7,41,49.3,61.7,66.5,75,71,66.5,57.8,42.7,31.4
"1070021964",1964,107,29.2,29.2,36.4,47.5,58.5,66.3,74.9,70.5,63.2,55.4,38.9,33.1
"1070021965",1965,107,35.2,33.7,36.5,49.5,56.4,64.1,72.4,69.9,60.1,54.9,45.2,34.5
"1070021966",1966,107,28.6,30.4,43,50.1,61,67.6,74.9,70.9,64.4,52.3,44.1,31.9
"1070021967",1967,107,32.1,36.9,45.7,48.5,56.7,64.9,73.4,70.5,63.7,54.6,43.4,27.8
"1070021968",1968,107,29.9,38.5,42.1,46.3,57,68.5,71.8,67.6,62.4,54,39.7,30
"1070021969",1969,107,36.4,34.7,36.1,51.2,60.8,65.2,74,74,65.5,48.7,40.2,35.3
"1070021970",1970,107,32.2,39.5,38.6,44.9,59.4,66.9,73.6,72.8,61.8,48.4,41.9,34
"1070021971",1971,107,32.9,35.1,41.8,48.5,55.9,68,73.7,70.7,61.7,50.2,39.8,30.5
"1070021972",1972,107,32.9,38.4,48,50.9,58.4,68.2,73.3,70.1,63.2,52.9,35.9,29
"1070021973",1973,107,27.1,33.7,38.3,44.8,58,66.8,71.9,71.3,62.4,53.9,41.9,33.8
"1070021974",1974,107,29.6,32.9,45.6,48.8,61.3,70.6,72.7,69.2,62.6,54,40.8,30.3
"1070021975",1975,107,30.6,33.7,39.8,44.6,55.2,65.6,72.2,70.4,62.7,52.8,39.4,34
"1070021976",1976,107,31.7,39.8,39.8,49.2,58.7,66.9,72.8,69.8,63,49.8,40,32.5
"1070021977",1977,107,29.7,37.5,38.8,51.2,57.1,70.5,73.6,72.2,65.8,55,43,38
"1070021978",1978,107,33,34.8,44.9,50.6,56.9,68.9,74.2,70.3,63.6,55.4,41,27.9
"1070021979",1979,107,25.3,33.2,40.7,49.4,57.3,66.7,73.1,69.3,66.5,55.8,36.1,34.5
"1070021980",1980,107,34.2,37.9,39.5,48.1,55.6,69.3,75.2,71.3,64.8,51.9,41.4,39.8
"1070021981",1981,107,36.8,38.4,41.6,53.8,57.9,71,74,71.2,65.2,52,44.6,36.6
"1070021982",1982,107,32,34.9,42.3,48.8,57.2,65.7,72.4,72.2,64.1,50.2,39.4,32.3
"1070021983",1983,107,34,37.2,41.6,44,55.6,65.2,72.8,72.4,66.8,54.2,41.3,31.5
"1070021984",1984,107,29.5,33.9,40.9,46.6,62.2,66.7,72.8,70.8,64.3,48.3,41,33.4
"1070021985",1985,107,29.9,32.1,42.1,52.4,59.8,69.1,73.5,71.8,60.8,52.6,39.5,32.6
"1070021986",1986,107,38,39.4,47,51.4,58.7,69.2,71.4,72.2,61.1,51.1,41.1,33.4
"1070021987",1987,107,31,36.5,39.7,51.9,58.5,68.8,71.7,70,63.4,55.9,40.6,31
"1070021988",1988,107,28.8,36.8,41.2,50.1,58.5,70,73.8,71.3,62.5,57.3,41.8,32
"1070021989",1989,107,30.7,33.8,47,55,60.9,67.6,74.7,70.4,64.4,53.3,43,32.4
"1070021990",1990,107,32.8,34.7,44.1,52.4,57.8,71.8,72.4,69.9,66.5,53.6,42.6,28.2
"1070021991",1991,107,30.2,39.8,40.4,48.6,58.1,66.8,72.3,71.4,63.7,54.8,39.2,32.8
"1070021992",1992,107,30.7,38.7,44.2,54.5,60.1,66.4,71.1,70.5,65.2,55.9,36.5,29.8
"1070021993",1993,107,33.2,34.8,43.8,50.1,59.8,66.8,71.9,70.2,63.2,52.1,37.7,33.5
"1070021994",1994,107,34.5,34.7,45.3,50.7,60.1,72.5,74.5,74.2,65.7,52.2,38.4,35.7
"1070021995",1995,107,34.1,42.6,43.7,47.5,55.1,65,72.4,74.2,65.3,53.9,45.8,36.4
"1070021996",1996,107,34.1,40.1,42.7,51.3,62.8,70.7,74.8,72.4,62.2,52.6,42.3,35.2
"1070021997",1997,107,32.2,35.2,46.1,47,61,67.8,72.6,71.7,66.6,52.5,41,30.9
"1070021998",1998,107,35.7,35.5,41.4,46.7,58.7,65.9,74.7,72.6,67.4,53.2,43.5,34
"1070021999",1999,107,37.2,40.1,45.7,46.9,57.6,67.2,72.8,71.2,63.5,55.2,47.1,33.7
"1070022000",2000,107,37,41.2,43.4,54.1,63.6,70.1,75.2,73.8,66.6,53.1,35,34.5
"1070022001",2001,107,31.3,36.4,43.8,51.6,62.2,70.4,74.8,72.6,67.2,55.8,44.5,32.2
"1070022002",2002,107,33.2,35.5,40.9,54.7,60.3,72.5,75.9,72.9,65,51.3,41.4,33.6
"1070022003",2003,107,39.4,36,43.6,50.4,61.1,68.2,77.7,73.9,65.3,58.6,40.8,35.2
"1070022004",2004,107,33.3,33.4,49.2,50.8,61.3,68.5,72.8,70,63.8,52.9,40,34.7
"1070022005",2005,107,37.5,38.3,42.2,50,60.1,67.3,75.8,70.8,65.9,54.6,44.2,34.6
"1070022006",2006,107,36.1,37.5,41.8,53.2,62.8,72.2,75.5,71.1,60.9,52,43.8,33.3
"1070022007",2007,107,28.6,37.4,46.8,51,60.2,69.8,75.3,74.2,66,54.6,45.5,31.2
"1070022008",2008,107,29.7,36.3,42.6,49,57.4,69.5,74,72.1,64.4,54.4,44.7,33.6
"1070022009",2009,107,35.8,39,44.6,49.5,62.4,66.4,74.7,71.9,65.2,50.2,44.2,28.9
"1070022010",2010,107,32.8,34,41.8,49.8,56.4,70,74.4,72.1,67.6,55.4,40.2,38.3
"1070022011",2011,107,31.9,32.9,45.6,51,56.3,69.4,75.2,75.3,66,54.3,41.5,31.1
"1070022012",2012,107,36.6,36.2,46.4,54.2,62,72.8,74.7,74,66.1,54.8,45.7,33.6
"1070022013",2013,107,29.1,33.5,44.9,49.8,59.9,72.5,74.4,72.4,65.5,51,42.3,31.5
"1070022014",2014,107,35.5,39.4,44.8,50.8,59.3,70.1,74.8,70.1,66.5,56.7,41.8,35.9
"1070022015",2015,107,35.9,41.5,47.7,51.2,56.6,71.5,72.4,73.3,68.3,57.3,40.8,33
"1070022016",2016,107,32.7,40.3,46.3,51,57.7,72.9,75.8,70.8,65,58.2,45.8,34.5
"1070022017",2017,107,33.4,42,49.4,51.6,58.7,72,75.3,71.7,65.1,54.7,48.6,37.3
"1070022018",2018,107,37.2,37.9,44.7,53.3,62.8,72.5,76,73.2,67.9,52.1,40,33.7
"1070022019",2019,107,33.4,33.5,42.9,52.5,54.8,67.7,75.2,74.9,67.7,49.7,42.8,34.7
"1070022020",2020,107,34.9,36.1,45.1,51.5,63,70.4,75.9,76.7,66.1,56.1,45.2,33.3
"1070022021",2021,107,33.7,35.7,42.6,51.8,60.6,73.1,75.2,72.7,67.8,53.3,47.1,38.5
"1070022022",2022,107,34.4,33.9,43.3,52.1,61.1,71.2,76.3,72.9,68.5,53.9,38.1,34.1
"1070022023",2023,107,32,33.4,39.2,49.6,60.7,66.7,77.6,74,66.9,55.6,44.1,37.3
"1070022024",2024,107,33.4,39.3,43.2,51.6,59.2,73.6,75.9,74.5,68.2,-99.9,-99.9,-99.9
"1080021895",1895,108,24.4,29.8,34.2,44.3,49.4,56.1,62.2,62.6,51.2,47.2,33.5,27.7
"1080021896",1896,108,30.2,34.4,34.8,39.3,45.6,58,67,63.1,53.8,46.1,29.7,33.1
"1080021897",1897,108,26.8,30.2,29.3,44.9,55.6,56.3,61.1,66,54.8,45.7,34.9,28.8
"1080021898",1898,108,23.4,34.4,32.9,45,49.7,57.3,64,66.5,56.4,43.6,32.1,23.8
"1080021899",1899,108,29.4,26.4,34,41.3,45.7,54.9,64.3,57.8,57.5,42.8,40.1,28.4
"1080021900",1900,108,32.4,30.4,41.4,44.4,51.6,60.3,63.3,59.7,53.9,44.6,34.7,33.4
"1080021901",1901,108,27.8,29.2,35.9,40.6,52.1,52.7,63.5,66,52.1,50.2,38.2,30.3
"1080021902",1902,108,26,33.8,34.3,41.5,49.9,55.8,60.5,62.2,54.4,47.2,34.2,28.6
"1080021903",1903,108,28.8,23.6,34.5,40.5,49,59.8,60.5,62.5,53.2,47,35.2,29
"1080021904",1904,108,28.3,30,33.4,44.7,50.2,56.3,63.4,64.5,57.3,47.8,40,30
"1080021905",1905,108,28.7,28.5,40.3,45,48.2,55.6,65.6,63.9,56.7,41.7,34.2,26.8
"1080021906",1906,108,28.1,31.7,32.8,45.9,49.8,53.8,68.8,64,56.7,47.6,34.3,32.4
"1080021907",1907,108,21.7,35,35.9,42.8,50.8,54.5,63.5,59.6,55.2,50.3,36.8,31
"1080021908",1908,108,28.9,31.2,36,44.6,46.5,54.4,66.4,62.5,55.9,44.6,37.3,26.6
"1080021909",1909,108,25.2,32.6,37.1,40.7,47.6,57.3,61.8,62.6,57,46.2,36.5,22.4
"1080021910",1910,108,23.1,25.5,41.7,47,52.7,56.6,65.6,60.2,55,47.4,35.9,31.2
"1080021911",1911,108,26.8,25.5,37.8,41,46.9,56.9,64.9,61.4,52.8,44,32.6,27.6
"1080021912",1912,108,27,33,33.8,41.6,49.9,57.9,61.8,60.2,52,42.2,36.4,28.4
"1080021913",1913,108,23.4,24.9,32.8,43,50.6,56.9,62.6,64.3,55.7,43.5,37,27
"1080021914",1914,108,31.7,30.2,39.2,44.6,52.9,55.3,65.3,63.9,53.6,47.5,36.7,21.8
"1080021915",1915,108,25.2,34.2,40.6,47.7,48.9,55.2,62.5,67.4,54.4,47.4,33.7,28.9
"1080021916",1916,108,17.7,31.2,37.6,43.9,45.8,54.8,61.4,62.6,55.4,43.2,30.4,23.8
"1080021917",1917,108,21.9,27.4,28,39.1,47.4,54.5,66.2,64.4,57.6,47.3,39.2,36.6
"1080021918",1918,108,31.6,29.1,37.4,42.6,47.8,62.5,64.4,60.6,59.1,48.1,34.3,28.1
"1080021919",1919,108,28.3,29.9,35.9,44.4,50.5,56.4,65.7,64.6,55.7,40.9,32.7,21.6
"1080021920",1920,108,27.3,31.3,35,39.3,47.6,55.3,65.6,64.1,55.4,43.8,34.5,30.2
"1080021921",1921,108,28.6,31.5,38,40.8,50.2,58.9,63.5,63.5,51.5,48.3,36.8,27.7
"1080021922",1922,108,18.8,24.8,31.4,38.8,49.1,60.7,65.6,64.4,58.2,47.9,32.3,25.1
"1080021923",1923,108,29.8,25,34.4,42.8,49.9,55,65.5,64.3,58,45.2,37.3,27.9
"1080021924",1924,108,23.6,36.5,34.3,42.8,54.6,57.6,64.3,62.4,56.1,45.7,33.9,21.2
"1080021925",1925,108,29.7,35.6,37.8,45.4,53.2,57.6,67.1,62.2,55.5,44.6,35,33.1
"1080021926",1926,108,27.8,36.2,40.5,48.9,51,60.6,66.6,63.5,51.2,47.4,38.8,28
"1080021927",1927,108,27.2,32.3,35.5,41.3,47.2,58.2,64.8,63.1,53.9,47,38.5,23.5
"1080021928",1928,108,28.1,30.5,38.8,41.1,54.9,55.8,66,62.2,56.5,45.9,35.6,25.7
"1080021929",1929,108,19.4,21.6,36.8,39.6,49.9,56,64.7,66.1,53.7,47.6,32.8,33.4
"1080021930",1930,108,14.6,35.3,38,47.6,48.7,55.8,65.5,65.3,56.3,44,32.5,24.9
"1080021931",1931,108,29.2,31.3,37,44.3,53.6,58.3,67,64.8,55.5,46.3,31.1,25.6
"1080021932",1932,108,23.9,26.4,35.7,43.5,50.1,58.6,62.5,62.4,56.9,46.2,38.4,22.9
"1080021933",1933,108,26.6,22,35,42.1,46,58.7,65.7,64.3,53.7,49.2,37.3,35.6
"1080021934",1934,108,34.9,38,43.9,50.4,55.2,57.6,65.1,65.6,54.9,48.5,39.7,30.4
"1080021935",1935,108,27.6,31.8,33.5,41.6,49.4,57.5,64.3,63.2,59,45,30.4,28.3
"1080021936",1936,108,28.3,22.6,34.6,46.1,54.6,59.5,66.5,64.9,55.5,48.6,32.5,30.5
"1080021937",1937,108,12.3,26.6,37.1,41,51.9,57.4,66.3,62.2,58.2,49.3,38.5,32.6
"1080021938",1938,108,29.9,31.6,35.4,44.2,50.3,59.1,66.4,62.2,61.1,47.4,31.6,30.7
"1080021939",1939,108,30.7,26.8,37.5,46.4,53,55,65.9,65.4,57.7,46.9,37.8,35.4
"1080021940",1940,108,29,34.3,40.4,45.1,54.2,61.3,65.5,65.3,58.3,49,31.8,31.6
"1080021941",1941,108,30.2,34.7,40.8,44.8,51.5,56.5,67.1,63.2,52.4,45.6,37.9,31.6
"1080021942",1942,108,23.1,28.6,34.9,44.9,48.1,54.6,66.2,65.1,57.6,48,34.6,30.8
"1080021943",1943,108,23.6,31.9,34,46.7,47.8,53.7,64.4,62.1,59.8,47.6,36.5,29.3
"1080021944",1944,108,25.5,30.6,34.1,42.8,51,55.3,64,62.2,58.1,50.9,33.9,27.2
"1080021945",1945,108,30.1,33.5,34.8,40.7,51.1,55,65.7,64.4,54.4,48.6,34.1,28.3
"1080021946",1946,108,27.9,30.5,37.4,44.8,51.6,56.1,65.1,64.3,55,41.6,33.2,31.9
"1080021947",1947,108,23.9,34.7,40,44.7,55,54.9,64.4,62.2,57.1,48.2,34.2,30.7
"1080021948",1948,108,28.4,29.2,33.4,40.6,49.3,59.7,62.1,61.4,55.4,45.7,33.3,22.5
"1080021949",1949,108,11.9,26.6,36.5,46.1,53.6,57,63.7,63.6,58.1,42.1,40.8,28.7
"1080021950",1950,108,17.9,30,34.3,41.2,48.1,56.4,64.3,64.2,56.9,47.3,36.9,34.8
"1080021951",1951,108,26.5,31.6,32,44.9,50.9,56.4,65.4,62.8,57.4,44.6,34.2,25
"1080021952",1952,108,23.4,28.3,32.4,45.2,51.5,56,64.6,63.8,59.3,50.8,30.7,29.9
"1080021953",1953,108,36.7,33.6,37.1,41.6,47.1,53.2,64.7,63.2,58.9,48,39.6,31.7
"1080021954",1954,108,29,35,33.7,42.9,52,53.7,63.7,60.2,55.4,44.8,40,28.2
"1080021955",1955,108,25.2,27,30.6,38.1,47.5,57.3,62,63.8,56,46.8,30.6,29
"1080021956",1956,108,29,24.2,34.6,44.7,53,55.8,65.8,62.5,57,44.6,32.7,30
"1080021957",1957,108,18.3,30.8,36.9,43.4,52.7,58.3,63,61.5,59,44.9,33.1,32.6
"1080021958",1958,108,30.2,37.9,34.9,41.8,56.7,60,66.4,67.3,56.1,48.5,35.4,34.5
"1080021959",1959,108,30.8,31.2,36.5,44.4,47.2,58.6,66,61.8,54.1,46.6,34.2,29.1
"1080021960",1960,108,23.8,29.4,36.6,43.4,48.2,58.7,68.3,61.3,57.8,46.9,35.3,28.3
"1080021961",1961,108,30.9,36.5,37.5,42.4,50.2,62.6,66.8,68.1,52.7,44.7,32.3,28.2
"1080021962",1962,108,23.8,31.2,33.6,46,47.8,56.8,63.1,61.8,57.9,47.2,38,32.9
"1080021963",1963,108,23.2,38.6,37.1,40.5,51.7,55.9,61.8,63.9,61.2,49.5,36.9,28.6
"1080021964",1964,108,27.9,28.7,32.6,40.4,48.3,55.4,64.5,60.9,54,47.9,33.9,28.4
"1080021965",1965,108,30.1,33.2,34.3,44.5,48.1,56.6,64.5,63,52.2,49.8,39,29.1
"1080021966",1966,108,29.3,30.8,36.5,43.6,52.7,56,63.5,63.8,59.7,45.9,38,31.7
"1080021967",1967,108,32.9,34.6,35.5,38.3,50,58.5,66.4,68.2,61.4,46.7,37.2,27.1
"1080021968",1968,108,28,36.4,40,40.6,49.8,57.6,66.3,60.6,56.2,45,35.8,27.5
"1080021969",1969,108,24.4,28.6,34.6,43.5,53.8,59.2,63.6,63.2,57.6,42.7,36.7,31.5
"1080021970",1970,108,30,36,36.1,38.1,50.3,60.2,65.8,65,52.3,43.5,36.4,27.3
"1080021971",1971,108,29.9,32.4,32.9,41.5,50.9,54.6,64.9,67.6,52.4,43.6,35,26.2
"1080021972",1972,108,26,31.6,39.6,40,51.9,58.4,64.2,65.4,52.8,45.6,36,23.8
"1080021973",1973,108,26.2,32.9,36.6,42.4,52.2,57.8,65.4,63.4,56.5,46,34.2,33.2
"1080021974",1974,108,25.5,32.8,36.6,42.5,47.9,60.7,63.9,63.6,58.8,47,37.3,30.8
"1080021975",1975,108,27.6,29.4,33.8,37.4,48.5,55.3,67.1,60.6,57.8,45.6,33.8,32
"1080021976",1976,108,30,31,32.6,41.4,51.3,54.4,64.4,60.5,58.4,46.3,37.7,29.8
"1080021977",1977,108,24.1,34.7,34.8,46.4,46.7,61.3,63.4,66.2,54.8,46.4,34.4,31.9
"1080021978",1978,108,31.6,34.3,40.8,42.8,48,58.1,64.5,62.4,54.6,47.7,31.3,23.5
"1080021979",1979,108,17.5,30.6,38.3,42.5,51.7,58.3,65.4,64,59.8,49.3,32.2,33.2
"1080021980",1980,108,25.5,34.5,35.9,45.7,50.4,54.6,64.4,60.6,57,47,37,33.2
"1080021981",1981,108,33.6,33.6,39.4,44,49.6,55.7,63.1,66.9,57.7,44.4,38.2,31.7
"1080021982",1982,108,26.1,29.5,36.5,39.2,49,58.8,62.9,64.5,55.6,45.1,32,28.6
"1080021983",1983,108,33.3,35.6,39.7,41.3,51.2,56,61.3,65.6,54.7,47,37.4,22.9
"1080021984",1984,108,27.4,31.2,38.3,40.8,48.6,54.8,65.3,65,54.5,42.6,34.9,23.6
"1080021985",1985,108,23.7,26,33.3,45.6,51.8,58.9,69.1,61.8,51.4,44.1,25.6,21.9
"1080021986",1986,108,31.6,34.3,42.3,42.6,51.1,62.2,61,67.7,52.1,48,36.5,29.3
"1080021987",1987,108,26.9,34.3,38.8,48.5,53.8,60.5,62.4,63.3,59.6,50.2,37.6,28.4
"1080021988",1988,108,26.7,34.4,37.6,45.7,50.4,59.3,65.9,64.2,56.7,53.2,35.6,28.1
"1080021989",1989,108,27.6,23.4,36.7,46.8,49.8,59.4,65,61.7,57.6,46,37.7,31.5
"1080021990",1990,108,31.8,29.8,39.4,48,48.8,57.5,67,65.2,62.1,44.8,37,21
"1080021991",1991,108,27.1,38.9,35.8,41.9,47.8,54.4,65.9,66.5,59.8,47.2,35.4,31.5
"1080021992",1992,108,31.9,38.4,43.5,47.1,56.4,61.8,63.7,65.6,56,48.9,33.8,25.5
"1080021993",1993,108,23.3,27.2,38.4,42.4,55,55.3,57.5,61.3,57.4,48.6,31,30.3
"1080021994",1994,108,33.9,30.1,40.6,46.2,53.4,57.8,67.6,65.8,60.4,45.4,29.9,29
"1080021995",1995,108,31.5,37.5,37.4,42.2,51.3,56.1,64.2,61.7,59.4,44.7,40.2,31.1
"1080021996",1996,108,29,31.5,38.2,44.2,47.7,57.8,67.4,65.2,54.5,45.8,36.3,29.5
"1080021997",1997,108,29.2,32,38.1,41.7,54.2,56.9,63.4,65.9,58.6,45.4,38.1,29.3
"1080021998",1998,108,32,34.2,38.2,43.7,49.7,56.2,68.9,67.2,61.5,45.7,37.4,27.6
"1080021999",1999,108,32,31.6,36.5,41.3,47.7,56,63.1,65.3,56.7,47.9,41.1,31.6
"1080022000",2000,108,29.6,34.9,37.4,47,50.8,59.2,65,65.2,55.9,46.2,30.7,29.3
"1080022001",2001,108,28.9,30.1,39.4,41.7,53.7,56.6,64.5,67.3,60,46.6,38.6,28.5
"1080022002",2002,108,29.2,31.2,34.3,43.7,49.6,59.4,68,62.9,57.5,44.4,37.6,33
"1080022003",2003,108,35.6,32.4,39.6,42.2,50.8,60.4,69.5,66.8,59.3,50.5,32.2,31.4
"1080022004",2004,108,28.3,32,42.2,46.7,50.7,59.4,67.1,65.8,55.4,47.1,36.4,32.9
"1080022005",2005,108,30.7,33.7,40.3,43.9,52,55.3,66.5,65.9,55.4,47.6,35.2,28.2
"1080022006",2006,108,32.9,30.4,35.6,44.3,52.7,60.5,69.1,64,57.7,45.9,35.9,29.7
"1080022007",2007,108,26.6,34.4,41.4,44.2,52.6,58.6,70,64.6,56,45,36.5,28.1
"1080022008",2008,108,25.3,32.9,34.6,39.1,51.1,56.4,65.9,64.7,57.7,46.7,40,26.5
"1080022009",2009,108,30,32,34.4,42.7,52.2,58.1,67.1,64.8,60.6,43,36.4,25
"1080022010",2010,108,33.8,34.9,38.4,42,46.3,55.6,64.6,63.3,57.4,48.7,34.1,30.7
"1080022011",2011,108,30.1,29.4,36.5,38.6,46.8,54.8,62.8,65.8,61.1,47.3,34.3,29.5
"1080022012",2012,108,30.8,32.4,37.4,45.4,50.2,55.8,66.8,67.2,60.1,46.7,38.6,29.9
"1080022013",2013,108,26.4,32.6,38.8,43.1,52.3,59.2,68.8,66.8,58.3,44.8,36.8,26.4
"1080022014",2014,108,33,31.4,39.4,44.4,53,57.7,69.4,65.8,59.4,51.1,35.3,33.2
"1080022015",2015,108,34.1,39.2,43.8,44.2,53.6,65.3,67,66.5,57.3,52.6,33.8,29.6
"1080022016",2016,108,30.6,37.1,39.9,49.5,52.9,60.6,64.4,65.8,56.1,47.1,41.6,24.2
"1080022017",2017,108,23.4,32,39.9,42.4,52.3,59.5,68.9,68.4,58.3,45,37.4,29.5
"1080022018",2018,108,34.5,30.6,36.9,44.2,55.5,58.2,68.4,65.8,56.7,46.8,36.6,29.8
"1080022019",2019,108,32,26,35.4,45.1,52.5,58.5,64.8,66.5,56.2,40.9,37.6,31.5
"1080022020",2020,108,32.1,32.5,37.4,44.6,52.1,57.3,65.3,66.8,60.9,48.5,36.2,31.4
"1080022021",2021,108,32,30.2,37.8,45.1,51.5,65,71.1,65.4,58.3,46.5,39.6,29.6
"1080022022",2022,108,30.2,31.3,39.9,39.5,47.7,57.8,69,69.9,61.7,51.8,30.8,26.8
"1080022023",2023,108,29.5,29.5,32.3,41.6,55.7,59,68.4,67,57.5,48.4,37.4,34.5
"1080022024",2024,108,30.3,34.8,37.9,44.2,49.5,59.9,70,65.5,60.8,-99.9,-99.9,-99.9
"1090021895",1895,109,35,40,44,51.1,58.8,66.2,71.7,71.8,63.3,56.2,43.1,35.6
"1090021896",1896,109,40.9,42.6,45.3,45.9,55.3,69.6,74.7,71.6,63.9,56.6,43.4,41.7
"1090021897",1897,109,37.7,37.3,38.2,52.6,62.4,65.9,72.3,73.9,64.7,53,45.2,36.3
"1090021898",1898,109,31,43,41.1,54.6,56.2,67.3,73.7,74,65.6,54.3,43.6,35.4
"1090021899",1899,109,39.3,40.4,44.2,51.6,53.6,66.2,73.4,67.2,67.7,52.3,47.1,37.2
"1090021900",1900,109,42,42.7,49.4,48.1,59.7,69.2,73.2,68.3,60.7,53.8,47.5,39.8
"1090021901",1901,109,37.1,40.2,45.3,48.8,58.6,65,74.2,72.9,62.4,57.6,48.4,39.8
"1090021902",1902,109,36.4,42.5,41.2,50,56.5,67.9,70.9,70.5,66,55.2,42.8,38.2
"1090021903",1903,109,38,31.1,43.2,48.7,57.9,67.8,69.8,71.9,63.8,57.1,47.2,37.9
"1090021904",1904,109,36.1,41.5,44.5,50.6,60,67,71.7,72.9,66.1,54.4,47.4,38.5
"1090021905",1905,109,40.8,42,46.9,51.4,54.3,64.8,73.7,72.2,65.4,53.8,43.8,33.9
"1090021906",1906,109,37.8,43.8,43.5,50.1,55.5,63.5,75.7,72.2,65,56.5,42.4,39.2
"1090021907",1907,109,34.5,46.4,43.1,53,56.2,61.7,71.5,69.2,62.7,56.7,45.3,40.4
"1090021908",1908,109,39.2,39.3,45.1,52.7,53.3,62.6,75.3,71.5,64.3,51.9,45.3,35.8
"1090021909",1909,109,41.5,39.7,42.6,51.3,56.1,67.4,71.5,72,64.6,54.9,44.7,33.2
"1090021910",1910,109,32.6,37.2,49.5,54.6,61.6,66.1,74.2,71.8,65,56.5,46.4,40.4
"1090021911",1911,109,38.7,34.9,46.4,48.9,54.8,65.6,73.6,69.9,62,53.1,43.2,34.4
"1090021912",1912,109,38.8,42.2,42,46.6,56.8,65.8,70.2,69.4,61.9,51.4,45.8,36.4
"1090021913",1913,109,33.4,37.8,42.5,49.9,58.5,63.5,71.5,72.7,66.6,55.1,46,36.8
"1090021914",1914,109,39.8,40.7,48.8,51.7,59.7,64.5,72.8,72.6,64.1,55.9,47.3,32.8
"1090021915",1915,109,36.3,40.5,46.9,52.2,54.9,65.1,71.9,73.9,63.7,57.2,44.4,38.6
"1090021916",1916,109,32.3,42.8,48.1,52.8,55.3,64.8,71.7,69.9,64.4,50.4,41.4,34.2
"1090021917",1917,109,28.8,37.5,39,48.1,53,67,76.3,72.7,65.9,58.8,47.5,43.2
"1090021918",1918,109,38.3,39,45.5,50.6,55.2,72.8,72.3,70.2,65.8,57.4,42.8,35.3
"1090021919",1919,109,37.4,37.7,42.1,52.5,61.2,66.9,75,73.4,64.9,50,43,36.5
"1090021920",1920,109,40.1,41.2,42.3,48.4,58.1,65.5,72.4,72.5,64.1,51.5,44,37.5
"1090021921",1921,109,37.5,41.6,48,49.4,55.5,67.9,74.7,72,64.4,58,47.6,40.7
"1090021922",1922,109,30.9,36,40.7,46.7,58.5,68.6,74.8,71.5,68.7,55.2,41.8,39.8
"1090021923",1923,109,38.6,36.9,44.3,49.2,58.9,61.2,72.9,70.9,65.7,53.3,47.1,36.2
"1090021924",1924,109,34.3,45.5,41.6,51.3,62.8,68.3,72.9,71.2,65.6,53,44.8,33.8
"1090021925",1925,109,37.9,43.6,46.3,51.4,60.3,66.5,75.2,69.9,61.7,53.4,43.8,40.4
"1090021926",1926,109,37.2,43.3,49.4,55.3,60.4,71.2,74.5,72.3,62.7,57.4,49.4,36.5
"1090021927",1927,109,39.2,41.7,44.2,50.2,57.5,66.8,74.4,70.7,62.5,56.7,48,35.6
"1090021928",1928,109,38.6,41.3,48.2,50.4,62.4,66.2,73.8,71.9,66.4,54.9,44.7,35.4
"1090021929",1929,109,34.6,36.2,44.7,47.1,59.3,65.5,74.1,74.3,64.1,57.6,45.8,44
"1090021930",1930,109,33.4,44.7,46.3,54,54.2,67.5,73.9,71.9,63.1,54,44.3,35.4
"1090021931",1931,109,38.2,42.5,46.9,54,62.6,67,78.6,74.5,63.9,56.2,40.9,34.3
"1090021932",1932,109,32.8,36.6,46.2,50.1,58,67,72.6,71.6,68,55.1,49,32.3
"1090021933",1933,109,33,31.8,44.7,49.2,52.8,66.4,76.5,73.2,65.1,60.8,47.1,40.7
"1090021934",1934,109,41.2,44.8,53.6,57.2,63,64.4,74.5,74.2,66.3,57.3,47.1,39.6
"1090021935",1935,109,37.5,41.7,41,50.6,57,68.9,72.1,73.3,68,54,41.4,38.5
"1090021936",1936,109,39.5,39.8,46.6,53.9,61,68.2,75.4,73.6,65.5,56.5,45.4,37.5
"1090021937",1937,109,23.8,36.4,44.4,49.2,60.7,66.5,75.2,73.7,67.6,57.5,47.4,41.8
"1090021938",1938,109,39.8,39.1,41.6,50.8,58,67.2,73.7,72.2,68.1,54.6,41.1,40.7
"1090021939",1939,109,37.6,34.4,45.6,55.1,60.2,66.4,74.6,74.3,66.2,55.3,47.7,43.3
"1090021940",1940,109,40.1,42.3,47.9,52.5,62.9,71.1,73,73.9,64.1,57.1,43.3,41
"1090021941",1941,109,39.8,43.6,46.4,47.6,59.8,64.1,73.8,69.7,61.4,52.6,46.7,39.6
"1090021942",1942,109,36.6,37.3,43,50.1,55.2,65.4,75.5,72.8,65,56.9,46,40.6
"1090021943",1943,109,38.5,42.4,46.4,54,59.2,62.2,73.3,70.6,68.8,56.2,46,39
"1090021944",1944,109,35.2,37.5,43.2,47.8,58.2,61.4,71.4,71.2,66.8,57.8,41.5,38.5
"1090021945",1945,109,37.6,41,40.7,49.7,57.4,64.4,75.2,71.6,66,57.6,44.1,37.6
"1090021946",1946,109,36.9,38.2,44.5,53.6,58.3,66,73.5,73.1,65.4,50.9,41.8,40.2
"1090021947",1947,109,34.8,44.3,47.7,52.4,62.8,64.9,71.8,70.2,67.9,56.3,41,36.8
"1090021948",1948,109,40.3,37.6,40,49,56.4,65.4,71.8,70.5,65.8,55.8,42.7,33.7
"1090021949",1949,109,24.3,33.5,42.7,54.6,58.2,67.1,73.1,70.5,67.6,53.5,50.7,36.4
"1090021950",1950,109,33.2,42.4,44.5,52.9,57.9,65.2,74.4,72.6,65,58.6,49.4,44.1
"1090021951",1951,109,37.7,40.5,43.6,52.5,58.8,66.3,73.8,71.5,67.8,54.5,44.4,35.2
"1090021952",1952,109,33.6,38.8,38.8,51.8,60.4,63,74,72.9,67.8,60.5,41.4,38
"1090021953",1953,109,43.7,41,44.9,49.7,52.4,63,75.3,70.5,68.6,55.4,47.6,38.6
"1090021954",1954,109,38.7,44.9,42,54.7,61.9,64.6,74.9,69,64.8,55.8,47.6,36.7
"1090021955",1955,109,31.6,35.8,43.4,46.7,56.7,65.6,70.9,73.6,66.4,57.5,43.8,40.8
"1090021956",1956,109,40.6,35.6,45.4,50.4,58.8,67.1,72.9,69.9,67.6,53.9,44.2,38.8
"1090021957",1957,109,33,44.1,46,50.4,56.2,68.9,73.2,70.8,66.4,53,41.8,40.2
"1090021958",1958,109,39.2,44.6,40.7,49.3,62.2,66.2,72.8,75.7,67.2,59.6,46.1,44.1
"1090021959",1959,109,41.2,38.9,47.5,55.1,56.3,69.6,76.8,72,64,58,46.7,38.7
"1090021960",1960,109,34.7,38.8,48.2,51.8,57.8,71.1,76.1,72.2,68.4,55.6,44.4,38.4
"1090021961",1961,109,39.6,43.1,44.6,51.8,56.8,71,75.7,73.8,63,55.4,42.6,37.3
"1090021962",1962,109,35.2,39.2,41,55.4,55.8,66.3,72.2,72,67.1,57.2,47.6,40.8
"1090021963",1963,109,35.2,48.1,43.2,45.8,59.8,63,71.3,71.5,68.4,58.7,45.3,38.6
"1090021964",1964,109,35.9,38.3,41.4,49,55.9,64.1,73.8,72,63.9,60.3,41.7,40.4
"1090021965",1965,109,39.5,41.4,44,50,55.9,63,71.9,71.3,61.2,59.4,47.1,36.1
"1090021966",1966,109,36.1,37.1,46.2,53.7,62.1,66.9,72.3,74.1,66.6,56.2,47,38.6
"1090021967",1967,109,39,42.3,44.8,42.3,58.1,63.8,75.5,76,68,57.8,48.9,34.2
"1090021968",1968,109,37.1,46.1,46.8,49.8,58.1,68.1,74.7,68.5,65.8,55.9,45.2,35.3
"1090021969",1969,109,39.2,37.1,42.3,50.8,61.9,64.9,74,74.7,68.3,51.9,46,40.3
"1090021970",1970,109,39.9,44.6,44.8,46,59.8,67.2,75,74.1,63.8,53.7,46.8,36.2
"1090021971",1971,109,38.6,41,44,49,54.9,65.1,74.7,74.9,64.5,52,43.4,33.5
"1090021972",1972,109,35.2,42.6,51,50.4,59.9,68.3,75.1,72.4,63.5,53.7,42.3,33.6
"1090021973",1973,109,34.7,41.1,41.3,50,61.8,68.7,74,72.1,64.5,55.4,44.1,40.4
"1090021974",1974,109,36.3,40,46.5,49.3,59.5,69.8,73.2,71.8,68.6,56.7,45.6,37.3
"1090021975",1975,109,37.3,39.4,42.3,43.6,57.4,65.7,73.5,70.3,67.9,54.2,43.4,40.7
"1090021976",1976,109,39.5,41.9,43,48.1,61.2,65.8,73.7,67.9,65.6,56.2,48.6,38.8
"1090021977",1977,109,36,44.1,41.1,53.7,52.3,70.1,73.7,73.4,65.2,57.9,47,43.1
"1090021978",1978,109,40.8,42.1,49.3,48.8,57.7,66.7,73.5,72,63.5,59.9,42.6,33.9
"1090021979",1979,109,33.8,39,45.4,50.5,60,67.6,73.4,70.5,69.4,58.3,43.2,41
"1090021980",1980,109,40.8,44.7,43,51.7,55.7,63.9,74.2,71.4,65.9,57.4,47,42.8
"1090021981",1981,109,42.2,43.2,45,53.8,59,71,74.5,74.4,68.1,52.9,48,42.6
"1090021982",1982,109,35.3,41.9,43.2,48.7,58.8,64.8,71.9,72.8,64.1,54,42.3,37.8
"1090021983",1983,109,40,42.5,45.1,46.3,58,65.5,70.6,72,67.9,57.6,45,40.2
"1090021984",1984,109,38.7,40.7,47.1,49.2,62.5,65.7,75.3,73.2,68.4,51.8,43.8,35.3
"1090021985",1985,109,35.6,39.2,42.5,55.2,59.3,70.7,76,71.4,61.3,55,40.9,38
"1090021986",1986,109,44.4,45,50.4,51.5,59.8,70.1,71.6,75,60.5,55.3,47.1,39.3
"1090021987",1987,109,35.8,41.6,44.8,56.4,60.9,69.4,70.1,72.9,67.6,60.5,45.4,36
"1090021988",1988,109,36.6,43.3,47,52.4,58,67.6,76.5,73.2,66.2,61.9,45.5,37
"1090021989",1989,109,34.7,37.2,48.7,57,59,67.7,74.8,70.5,65.6,55.2,47.2,40.3
"1090021990",1990,109,38.5,37.8,48,55.6,57.6,67.8,75.2,72.2,68.1,57.9,45.5,32.2
"1090021991",1991,109,37.9,47.2,41.6,49.1,54.9,64.5,74.7,72.4,68.8,60,46.7,39
"1090021992",1992,109,38.1,45,47.8,56.4,64.8,67.3,72.4,74.6,67.8,59.2,43.8,34.8
"1090021993",1993,109,35.2,38.4,49.2,51.8,60.7,65.1,70.3,71.3,66.5,57.2,43.2,38.2
"1090021994",1994,109,40.9,39,49.6,52.9,59.6,69.6,75.9,74.8,67.3,54.7,38,37.8
"1090021995",1995,109,40.3,47.8,45.2,49.5,55.6,63.5,72.6,73.4,68.4,57.9,51.7,41.8
"1090021996",1996,109,40.9,44.1,47.6,53.3,59.8,69,76.9,75,65.3,55.4,46.8,40.9
"1090021997",1997,109,39.3,41.8,50.1,51.4,64.6,66.6,72.4,73.6,67.7,55.3,47.2,37.2
"1090021998",1998,109,41,39.4,45.6,48.4,52.9,63,75.1,75.6,66.6,53.7,45,37.2
"1090021999",1999,109,40.7,41.1,44.9,47.7,57.8,66.2,72.5,71.3,67.4,59.8,49.5,40
"1090022000",2000,109,41.4,43.5,46.4,55.2,61.7,70.5,73,73.8,66.2,54.9,41,41.6
"1090022001",2001,109,37.1,38.6,49,49.4,65.8,69.6,73.3,75.2,68.9,60,47.4,37.8
"1090022002",2002,109,37.6,42.9,44.3,53.3,59.1,69.8,77,72.7,67.7,55.1,47.3,39.7
"1090022003",2003,109,46.2,40.9,47.8,47.6,60,69.8,78,73.9,69.6,62,42.3,39.6
"1090022004",2004,109,38.1,39.3,53.2,54.1,60.5,69,75.1,72.9,66.2,54.6,43.6,40
"1090022005",2005,109,39.3,42.3,47.2,50,59.7,64.3,77.4,74,64.1,56.5,48.2,41
"1090022006",2006,109,40.3,42.5,40.7,50.8,62.3,71.4,78,72.3,66.2,55,46.7,38.7
"1090022007",2007,109,35.7,42.6,50.9,53.4,61.9,69.3,76.9,74.8,65,55,48.8,36.3
"1090022008",2008,109,35.6,41.2,46.2,50.6,58.6,68.8,75.6,75.2,68.5,57.8,50,37.1
"1090022009",2009,109,41.7,41.2,45.4,50.9,64.2,65.4,76.1,73,70.4,53.9,46.7,35.3
"1090022010",2010,109,40.1,42.3,45.3,48.1,53.7,67.4,75.3,72,67.8,57.4,44,41.6
"1090022011",2011,109,40.1,39.1,45.4,49.7,54.8,65,73.3,74,69.5,57.7,43.8,37.9
"1090022012",2012,109,41.8,41.6,46.2,53.4,61.5,68,74.3,76.3,70.2,58.6,48.8,38.2
"1090022013",2013,109,35.5,40.4,50,54.2,60.8,70.8,77.3,73.3,66.5,54.2,47.7,37.6
"1090022014",2014,109,44.8,45.4,49.3,54.1,61.6,69.8,77.4,72.7,69.5,60.7,48.3,42.2
"1090022015",2015,109,44.2,48.9,53.1,53,58.6,73,73.3,74.9,69.6,61.4,42.8,37.5
"1090022016",2016,109,39,46.1,49.1,54.7,59.3,71.9,75.5,74.5,66.5,57.5,48.8,38.1
"1090022017",2017,109,36.8,43.5,50.2,52.1,60.8,71.1,77.7,76.1,66.5,57.2,49.7,42.2
"1090022018",2018,109,44.6,41.2,45.1,54.2,60.8,69.9,78.5,75.1,68.6,56.6,47.1,39.5
"1090022019",2019,109,41.1,36.2,45.3,54.9,55.8,68.3,74.4,75.2,65.9,53.3,48.4,39.8
"1090022020",2020,109,41.2,43.9,44.9,53.4,62.2,68.2,75.6,77.5,70.9,61.7,46.6,40.1
"1090022021",2021,109,40.6,42.5,44.5,54.6,61.5,73.9,79,75.2,69.4,54.7,50.8,38.9
"1090022022",2022,109,41.2,42.2,49,52.4,59.2,69.8,77,76.8,71.3,59.8,41.7,38.6
"1090022023",2023,109,37.1,37.9,39.8,51.8,60.1,64.9,77.8,73.9,65.6,58.1,47.3,43.6
"1090022024",2024,109,41,42.3,45.2,52.5,59.9,72.7,79.7,74.5,69.7,-99.9,-99.9,-99.9
